rank,sku,brand,title,price,original_price,merchant,rating,review_count,url,source_segment
1,HBCV0000DBZW0E,Molfix,Molfix Kanal Teknolojisi Dev Avantaj Paketi 5 Beden Junior 80 Adet,739.99,739.99,Hayat,4.5,172,https://www.hepsiburada.com/molfix-kanal-teknolojisi-dev-avantaj-paketi-5-beden-junior-80-adet-pm-HBC0000DBZW0D,anne-bebek-vitrini
2,HBV000014EYBZ,Prima,Prima PremiumCare Bebek Bezi Aylık Fırsat Paketi 6 Numara 93 Adet Bez,1797.9,1797.9,Hepsiburada,4.8,22213,https://www.hepsiburada.com/prima-premiumcare-bebek-bezi-aylik-firsat-paketi-6-numara-93-adet-bez-p-HBV000014EYBZ,anne-bebek-vitrini
3,HBCV0000DBZW0G,Molfix,Molfix Kanal Teknolojisi Dev Avantaj Paketi 4 Beden Maxi 104 Adet,739.99,739.99,Hayat,4.7,127,https://www.hepsiburada.com/molfix-kanal-teknolojisi-dev-avantaj-paketi-4-beden-maxi-104-adet-pm-HBC0000DBZW0F,anne-bebek-vitrini
4,HBCV0000C84XTH,Sleepy,Sleepy Natural Double Soft Ultra Fırsat Paketi Bebek Bezi 6 Numara Xlarge 124 Adet,840,920,defnebebek,4.2,654,https://www.hepsiburada.com/sleepy-natural-double-soft-ultra-firsat-paketi-bebek-bezi-6-numara-xlarge-124-adet-p-HBCV0000C84XTH,anne-bebek-vitrini
5,HBCV0000DBZW0C,Molfix,Molfix Kanal Teknolojisi Dev Avantaj Paketi 6 Beden Extra Large 64 Adet,739.99,739.99,Hayat,4.6,114,https://www.hepsiburada.com/molfix-kanal-teknolojisi-dev-avantaj-paketi-6-beden-extra-large-64-adet-pm-HBC0000DBZW0B,anne-bebek-vitrini
6,HBV00000RFTBH,Prima,Prima PremiumCare Bebek Bezi Aylık Fırsat Paketi 5 Numara 108 Adet Bez,1797.9,1797.9,Hepsiburada,4.8,22213,https://www.hepsiburada.com/prima-premiumcare-bebek-bezi-aylik-firsat-paketi-5-numara-108-adet-bez-p-HBV00000RFTBH,anne-bebek-vitrini
7,HBCV0000C855AN,Sleepy,Sleepy Natural Double Soft Ultra Fırsat Paketi Bebek Bezi 5 Numara Junior 156 Adet,840,920,defnebebek,4.2,654,https://www.hepsiburada.com/sleepy-natural-double-soft-ultra-firsat-paketi-bebek-bezi-5-numara-junior-156-adet-p-HBCV0000C855AN,anne-bebek-vitrini
8,HBCV00001HGG6F,Molfix,Molfix Bebek Bezi 3D 6 Beden Extra Large 15+ Kg 62li Ultra Fırsat Paketi,507.9,507.9,Hepsiburada,4.7,13551,https://www.hepsiburada.com/molfix-bebek-bezi-3d-6-beden-extra-large-15-kg-62li-ultra-firsat-paketi-p-HBCV00001HGG6F,anne-bebek-vitrini
9,HBCV00004OVP0Y,Molfix,Molfix Bebek Bezi 6 Beden E.large Hiper Ekonomi Paketi 124 Adet,939.99,1036.99,Happycomtr,4.5,1388,https://www.hepsiburada.com/molfix-bebek-bezi-6-beden-e-large-hiper-ekonomi-paketi-124-adet-pm-HBC00004OVP0X,anne-bebek-vitrini
10,HBCV00004Z6R7Y,Molfix,Molfix Bebek Bezi 3D 3 Beden Midi 4-9 Kg 108li Ultra Fırsat Paketi,528.63,594.71,ebebek,4.6,709,https://www.hepsiburada.com/molfix-ultra-firsat-paketi-midi-3-beden-108-adet-pm-HBC00004Z6R7X,anne-bebek-vitrini
11,HBCV00004QEIFJ,Molfix,Molfix Pants Bebek Bezi 5 Beden Junior Aylık Fırsat Paketi 132 Adet,917.99,917.99,Hayat,4.4,1039,https://www.hepsiburada.com/molfix-pants-bebek-bezi-5-beden-junior-aylik-avantajpaketi-132-adet-pm-HBC00004QEIFI,anne-bebek-vitrini
12,HBCV0000C84457,Sleepy,Sleepy Natural Double Soft Ultra Paket Bebek Bezi 4 Numara Maxi 100 Adet,657,657,Sleepy,4.4,329,https://www.hepsiburada.com/sleepy-natural-double-soft-ultra-paket-bebek-bezi-4-numara-maxi-100-adet-p-HBCV0000C84457,anne-bebek-vitrini
13,HBV00000RFTBG,Prima,Prima PremiumCare Bebek Bezi Aylık Fırsat Paketi 4 Numara 126 Adet Bez,1797.9,1797.9,Hepsiburada,4.8,22213,https://www.hepsiburada.com/prima-premiumcare-bebek-bezi-aylik-firsat-paketi-4-numara-126-adet-bez-p-HBV00000RFTBG,anne-bebek-vitrini
14,HBCV00006WEIWO,Molfix,Molfix Premium Avantajlı Paket 5 Beden 132 Adet,1006.99,1006.99,Hayat,4.2,269,https://www.hepsiburada.com/molfix-premium-avantajli-paket-5-beden-132-adet-pm-HBC00006WEIWN,anne-bebek-vitrini
15,HBCV0000DBZW0A,Molfix,Molfix Kanal Teknolojisi Dev Avantaj Paketi 3 Beden Midi 112 Adet,739.99,739.99,Hayat,4.3,78,https://www.hepsiburada.com/molfix-kanal-teknolojisi-dev-avantaj-paketi-3-beden-midi-112-adet-pm-HBC0000DBZW09,anne-bebek-vitrini
16,HBCV00009INAGR,Molfix,Molfix Külot Bebek Bezi 6 Beden Extra Large 38 Adet Bez Jumbo Paket,327.03,367.91,ebebek,4.6,84,https://www.hepsiburada.com/molfix-kulot-bebek-bezi-6-beden-extra-large-jumbo-38-adet-pm-HBC00009INAGQ,anne-bebek-vitrini
17,HBV00000RFTB6,Prima,Prima PremiumCare Bebek Bezi Ekonomik Paket 1 Numara 70 Adet Bez,503.99,895.99,ebebek,4.8,6905,https://www.hepsiburada.com/prima-premiumcare-bebek-bezi-ekonomik-paket-1-numara-70-adet-bez-p-HBV00000RFTB6,anne-bebek-vitrini
18,HBCV0000DBZW0I,Molfix,Molfix Kanal Teknolojisi Dev Avantaj Paketi 2 Beden Mini 132 Adet,739.99,739.99,Hayat,4.3,75,https://www.hepsiburada.com/molfix-kanal-teknolojisi-dev-avantaj-paketi-2-beden-mini-132-adet-pm-HBC0000DBZW0H,anne-bebek-vitrini
19,HBCV00004OVOF6,Molfix,Molfix Bebek Bezi 5 Beden Junior Hiper Ekonomi Paketi 156 Adet,971,971,defnebebek,4.6,3296,https://www.hepsiburada.com/molfix-bebek-bezi-5-beden-junior-hiper-ekonomi-paketi-156-adet-pm-HBC00004OVOF5,anne-bebek-vitrini
20,HBCV0000C84N9N,Sleepy,Sleepy Natural Double Soft Ultra Fırsat Paketi Bebek Bezi 3 Numara Midi 84 Adet,566,566,Sleepy,4.2,654,https://www.hepsiburada.com/sleepy-natural-double-soft-ultra-firsat-paketi-bebek-bezi-3-numara-midi-84-adet-p-HBCV0000C84N9N,anne-bebek-vitrini
21,HBCV00006WWHO7,Molfix,Molfix Premium Süper Fırsat Paketi 4 Beden 108 Adet,891.99,891.99,Hayat,4.1,377,https://www.hepsiburada.com/molfix-premium-super-firsat-paketi-4-beden-108-adet-pm-HBC00006WWHO6,anne-bebek-vitrini
22,HBCV00006WD3N1,Molfix,Molfix Premium Süper Fırsat Paketi 5 Beden 84 Adet,891.99,891.99,Hayat,4.2,402,https://www.hepsiburada.com/molfix-premium-super-firsat-paketi-5-beden-84-adet-pm-HBC00006WD3N0,anne-bebek-vitrini
23,HBCV00005ADJMY,Molfix,Molfix Pure & Soft Bebek Bezi 5 Beden Junior 132 Adet,1059.99,1059.99,Hayat,4.5,1026,https://www.hepsiburada.com/molfix-pure-soft-bebek-bezi-5-beden-junior-132-adet-pm-HBC00005ADJMX,anne-bebek-vitrini
24,HBCV0000D5JXD8,Molfix,Molfix Pants 6 Beden Fırsat Paketi 114 Adet,1195,1235,İLOVYA,4.6,58,https://www.hepsiburada.com/molfix-pants-6-beden-firsat-paketi-114-adet-pm-HBC0000D5JXD7,anne-bebek-vitrini
25,HBCV0000C84W0U,Sleepy,Sleepy Natural Double Soft Ultra Fırsat Paketi Bebek Bezi 1 Numara Newborn 100 Adet,566,566,Sleepy,4.2,654,https://www.hepsiburada.com/sleepy-natural-double-soft-ultra-firsat-paketi-bebek-bezi-1-numara-newborn-100-adet-p-HBCV0000C84W0U,anne-bebek-vitrini
26,HBCV0000DBZW04,Molfix,Molfix Kanal Teknolojisi Dev Avantaj Paketi 1 Beden Yenidoğan 144 Adet,739.99,739.99,Hayat,4.2,73,https://www.hepsiburada.com/molfix-kanal-teknolojisi-dev-avantaj-paketi-1-beden-yenidogan-144-adet-pm-HBC0000DBZUAZ,anne-bebek-vitrini
27,HBCV0000E6VJOT,Sleepy,Sleepy Bio Natural Premium Plus Airbag Comfort Avantaj Paketi Bebek Bezi 3 Numara Midi 112 Adet,810,810,Sleepy,4.3,122,https://www.hepsiburada.com/sleepy-bio-natural-premium-plus-airbag-comfort-avantaj-paketi-bebek-bezi-3-numara-midi-112-adet-p-HBCV0000E6VJOT,anne-bebek-vitrini
28,HBCV00006WD2FN,Molfix,Molfix Premium Avantajlı Paket 6 Beden 108 Adet,1006.99,1006.99,Hayat,4.5,186,https://www.hepsiburada.com/molfix-premium-avantajli-pket-6-beden-108-adet-pm-HBC00006WD2FM,anne-bebek-vitrini
29,HBCV000073VQ3H,Prima,Prima PremiumCare Bebek Bezi Aylık Fırsat Paketi 7 Numara 80 Adet Bez,1797.9,1797.9,Hepsiburada,4.8,99,https://www.hepsiburada.com/prima-premiumcare-bebek-bezi-aylik-firsat-paketi-7-numara-80-adet-bez-pm-HBC000073VQ3G,anne-bebek-vitrini
30,HBCV0000C85165,Sleepy,Sleepy Natural Double Soft Ultra Fırsat Paketi Bebek Bezi 7 Numara Xxlarge 96 Adet,920,920,nelazimsabak,4.2,654,https://www.hepsiburada.com/sleepy-natural-double-soft-ultra-firsat-paketi-bebek-bezi-7-numara-xxlarge-96-adet-p-HBCV0000C85165,anne-bebek-vitrini
31,HBCV00003UPP2T,Molfix,Molfix Külot Bebek Bezi 4 Beden Maxi Ultra Fırsat Paketi 86 adet,470.9,488.92,Hepsiburada,4.3,54,https://www.hepsiburada.com/molfix-kulot-bebek-bezi-4-beden-maxi-86-li-ultra-firsat-paketi-pm-HBC00003UPP2S,anne-bebek-vitrini
32,HBCV00004M9B7N,Sleepy,Sleepy Extra Günlük Aktivite Ultra Paket Bebek Bezi 4 Numara Maxi 208 Adet,760,760,Sleepy,4.4,53,https://www.hepsiburada.com/sleepy-extra-gunluk-aktivite-ultra-paket-bebek-bezi-4-numara-maxi-208-adet-pm-HBC00004M9B7M,anne-bebek-vitrini
33,HBCV0000C839S6,Sleepy,Sleepy Natural Double Soft Ultra Paket Bebek Bezi 5 Numara Junior 78 Adet,657,657,Sleepy,4.4,329,https://www.hepsiburada.com/sleepy-natural-double-soft-ultra-paket-bebek-bezi-5-numara-junior-78-adet-p-HBCV0000C839S6,anne-bebek-vitrini
34,HBCV0000E6VRUW,Sleepy,Sleepy Bio Natural Premium Plus Airbag Comfort Avantaj Paketi Bebek Bezi 1 Numara Newborn 128 Adet,810,810,Sleepy,4.3,122,https://www.hepsiburada.com/sleepy-bio-natural-premium-plus-airbag-comfort-avantaj-paketi-bebek-bezi-1-numara-newborn-128-adet-p-HBCV0000E6VRUW,anne-bebek-vitrini
35,HBV00000F3SLJ,Prima,Prima Aktif Bebek Mega Fırsat Paketi 5 Beden 92 Adet,1102.9,1102.9,Hepsiburada,4.8,21242,https://www.hepsiburada.com/prima-aktif-bebek-mega-firsat-paketi-5-beden-92-adet-p-HBV00000F3SLJ,anne-bebek-vitrini
36,HBCV0000C8546C,Sleepy,Sleepy Natural Double Soft Ultra Fırsat Paketi Bebek Bezi 2 Numara Mini 96 Adet,387,387,defnebebek,4.2,654,https://www.hepsiburada.com/sleepy-natural-double-soft-ultra-firsat-paketi-bebek-bezi-2-numara-mini-96-adet-p-HBCV0000C8546C,anne-bebek-vitrini
37,HBCV0000DF119M,Sleepy,Sleepy Natural Double Soft Ultra Paket Külot Bez 6 Numara Xlarge 62 Adet,657,657,Sleepy,4,76,https://www.hepsiburada.com/sleepy-natural-double-soft-ultra-paket-kulot-bez-6-numara-xlarge-62-adet-p-HBCV0000DF119M,anne-bebek-vitrini
38,HBCV00006WD2FR,Molfix,Molfix Premium Ultra Fırsat Paketi 3 Beden 94 Adet,518,689,Ekstremarkt,4.4,231,https://www.hepsiburada.com/molfix-premium-ultra-firsat-paketi-3-beden-94-adet-pm-HBC00006WD2FQ,anne-bebek-vitrini
39,HBV00000F3SLL,Prima,Prima Aktif Bebek Mega Fırsat Paketi 6 Beden 76 Adet,1102.9,1102.9,Hepsiburada,4.8,21242,https://www.hepsiburada.com/prima-aktif-bebek-mega-firsat-paketi-6-beden-76-adet-p-HBV00000F3SLL,anne-bebek-vitrini
40,HBCV0000G8BSXJ,Molfix,Molfix Kanal Teknolojisi Mega Paket 6 Beden Extra Large 160 Adet,2390,2390,Metic,5,3,https://www.hepsiburada.com/molfix-kanal-teknolojisi-mega-paket-6-beden-extra-large-160-adet-pm-HBC0000G8BSXA,anne-bebek-vitrini
41,HBCV00007DX47R,Molfix,Molfix Premium Bantlı Bebek Bezi 34'lü Extra Large 15+ kg İçin Rahat Kullanım,321.9,321.9,Hepsiburada,4.9,15,https://www.hepsiburada.com/molfix-premium-firsat-paketi-34-lu-extra-large-15-kg-pm-HBC00007DX47Q,anne-bebek-vitrini
42,HBCV0000DF1V2G,Baby Turco,Baby Turco Doğadan Avantaj Paketi Pofuduk Bebek Bezi 5 Numara Junior 78 Adet,419.99,559.99,ebebek,4.4,146,https://www.hepsiburada.com/baby-turco-dogadan-avantaj-paketi-pofuduk-bebek-bezi-5-numara-junior-78-adet-p-HBCV0000DF1V2G,anne-bebek-vitrini
43,HBV00000KE2RU,Sleepy,Sleepy Mayo Bebek Bezi 5-6 Beden 14 Adet 15- 25 kg,390,390,Sleepy,4.6,772,https://www.hepsiburada.com/sleepy-mayo-bebek-bezi-5-6-beden-14-adet-15-25-kg-pm-HB00000WG20T,anne-bebek-vitrini
44,HBCV000016QRLG,Sleepy,Sleepy Extra Günlük Aktivite Süper Paket Bebek Bezi 1 Numara Yenidoğan 128 Adet,380,380,Sleepy,4.5,6039,https://www.hepsiburada.com/sleepy-extra-gunluk-aktivite-super-paket-bebek-bezi-1-numara-yenidogan-128-adet-pm-HBC000016QRLF,anne-bebek-vitrini
45,HBCV00004Z6MMM,Molfix,Molfix Bebek Bezi Fırsat Paketi 1 Beden Yenidoğan 82 Adet,349.43,393.11,ebebek,4.7,445,https://www.hepsiburada.com/molfix-firsat-paketi-yenidogan-1-beden-82-adet-pm-HBC00004Z6MML,anne-bebek-vitrini
46,HBCV0000E6VLOR,Sleepy,Sleepy Bio Natural Premium Plus Airbag Comfort Avantaj Paketi Bebek Bezi 5 Numara Junior 80 Adet,810,810,Sleepy,4.3,122,https://www.hepsiburada.com/sleepy-bio-natural-premium-plus-airbag-comfort-avantaj-paketi-bebek-bezi-5-numara-junior-80-adet-p-HBCV0000E6VLOR,anne-bebek-vitrini
47,HBV00000RFTB7,Prima,Prima PremiumCare Bebek Bezi Ekonomik Paket 2 Numara 60 Adet Bez,503.99,895.99,ebebek,4.8,6905,https://www.hepsiburada.com/prima-premiumcare-bebek-bezi-ekonomik-paket-2-numara-60-adet-bez-p-HBV00000RFTB7,anne-bebek-vitrini
48,HBCV0000E6VF4M,Sleepy,Sleepy Bio Natural Premium Plus Airbag Comfort Ultra Paket Bebek Bezi 5 Numara Junior 160 Adet,1029.6,1029.6,defnebebek,4.4,111,https://www.hepsiburada.com/sleepy-bio-natural-premium-plus-airbag-comfort-ultra-paket-bebek-bezi-5-numara-junior-160-adet-p-HBCV0000E6VF4M,anne-bebek-vitrini
49,HBCV0000E5RLVT,Sleepy,Sleepy Bio Natural Premium Plus Airbag Comfort Avantaj Paketi Bebek Bezi 4 Numara Maxi 104 Adet,810,810,Sleepy,4.3,122,https://www.hepsiburada.com/sleepy-bio-natural-premium-plus-airbag-comfort-avantaj-paketi-bebek-bezi-4-numara-maxi-104-adet-p-HBCV0000E5RLVT,anne-bebek-vitrini
50,HBCV0000E6V4F4,Sleepy,Sleepy Bio Natural Premium Plus Airbag Comfort Avantaj Paketi Bebek Bezi 6 Numara Xlarge 64 Adet,810,810,Sleepy,4.3,122,https://www.hepsiburada.com/sleepy-bio-natural-premium-plus-airbag-comfort-avantaj-paketi-bebek-bezi-6-numara-xlarge-64-adet-p-HBCV0000E6V4F4,anne-bebek-vitrini
51,HBCV0000DF0WUX,Sleepy,Sleepy Natural Double Soft Ultra Paket Külot Bez 5 Numara Junior 78 Adet,657,657,Sleepy,4,76,https://www.hepsiburada.com/sleepy-natural-double-soft-ultra-paket-kulot-bez-5-numara-junior-78-adet-p-HBCV0000DF0WUX,anne-bebek-vitrini
52,HBCV0000DF1ZAH,Baby Turco,Baby Turco Doğadan Süper Avantaj Paketi Pofuduk Bebek Bezi 6 Numara Xlarge 124 Adet,700,700,defnebebek,4.6,114,https://www.hepsiburada.com/baby-turco-dogadan-super-avantaj-paketi-pofuduk-bebek-bezi-6-numara-xlarge-124-adet-p-HBCV0000DF1ZAH,anne-bebek-vitrini
53,HBCV0000DF1ZZ7,Baby Turco,Baby Turco Doğadan Avantaj Paketi Pofuduk Bebek Bezi 6 Numara Xlarge 62 Adet,419.99,559.99,ebebek,4.4,146,https://www.hepsiburada.com/baby-turco-dogadan-avantaj-paketi-pofuduk-bebek-bezi-6-numara-xlarge-62-adet-p-HBCV0000DF1ZZ7,anne-bebek-vitrini
54,HBCV0000E6VJZB,Sleepy,Sleepy Bio Natural Premium Plus Airbag Comfort Avantaj Paketi Bebek Bezi 2 Numara Mini 136 Adet,699.9,699.9,Online Market,4.3,122,https://www.hepsiburada.com/sleepy-bio-natural-premium-plus-airbag-comfort-avantaj-paketi-bebek-bezi-2-numara-mini-136-adet-p-HBCV0000E6VJZB,anne-bebek-vitrini
55,HBCV0000C84XYC,Sleepy,Sleepy Natural Double Soft Ultra Fırsat Paketi Bebek Bezi 4 Numara Maxi 200 Adet,1227,1227,Sleepy,4.2,654,https://www.hepsiburada.com/sleepy-natural-double-soft-ultra-firsat-paketi-bebek-bezi-4-numara-maxi-200-adet-p-HBCV0000C84XYC,anne-bebek-vitrini
56,HBCV0000DBZW08,Molfix,Molfix Kanal Teknolojisi Dev Avantaj Paketi 4+ Beden Maxi Plus 84 Adet,739.99,739.99,Hayat,4.2,51,https://www.hepsiburada.com/molfix-kanal-teknolojisi-dev-avantaj-paketi-4-beden-maxi-plus-84-adet-pm-HBC0000DBZW07,anne-bebek-vitrini
57,HBCV00006WD3MZ,Molfix,Molfix Premium Süper Fırsat Paketi 3 Beden 120 Adet,891.99,891.99,Hayat,4.3,260,https://www.hepsiburada.com/molfix-premium-super-firsat-paketi-3-beden-120-adet-pm-HBC00006WD3MY,anne-bebek-vitrini
58,HBCV0000E6VGK6,Sleepy,Sleepy Bio Natural Premium Plus Airbag Comfort Ultra Paket Bebek Bezi 6 Numara Xlarge 128 Adet,1029.6,1029.6,defnebebek,4.4,111,https://www.hepsiburada.com/sleepy-bio-natural-premium-plus-airbag-comfort-ultra-paket-bebek-bezi-6-numara-xlarge-128-adet-p-HBCV0000E6VGK6,anne-bebek-vitrini
59,HBCV0000GVUVAB,Molfix,Molfix Tatlı Rüyalar Bebek Bezi Junior 58 Adet,689,689,Ekstremarkt,3,2,https://www.hepsiburada.com/molfix-gece-bebek-bezi-junior-58-adet-pm-HBC0000GVUVA3,anne-bebek-vitrini
60,HBCV00006WD231,Molfix,Molfix Premium Mega Avantaj Paketi 5 Beden 264 Adet,1907.99,1907.99,Hayat,4.4,220,https://www.hepsiburada.com/molfix-premium-mega-avantaj-paketi-5-beden-264-adet-pm-HBC00006WD230,anne-bebek-vitrini
61,HBV00000GD85U,Prima,Prima PremiumCare Bebek Bezi Ultra Fırsat Paket 5 Numara 74 Adet Bez,1319.9,1319.9,Hepsiburada,4.8,2951,https://www.hepsiburada.com/prima-premiumcare-bebek-bezi-ultra-firsat-paket-5-numara-74-adet-bez-p-HBV00000GD85U,anne-bebek-vitrini
62,HBCV0000DF1X4M,Baby Turco,Baby Turco Doğadan Süper Avantaj Paketi Pofuduk Bebek Bezi 5 Numara Junior 156 Adet,700,700,defnebebek,4.6,114,https://www.hepsiburada.com/baby-turco-dogadan-super-avantaj-paketi-pofuduk-bebek-bezi-5-numara-junior-156-adet-p-HBCV0000DF1X4M,anne-bebek-vitrini
63,HBCV00006WD1G7,Molfix,Molfix Premium Avantajlı Paket 4 Beden 172 Adet,1006.99,1006.99,Hayat,4.2,159,https://www.hepsiburada.com/molfix-premium-avantajli-paket-4-beden-172-adet-pm-HBC00006WD1G6,anne-bebek-vitrini
64,HBCV0000DV2L37,Sleepy,Sleepy Natural Double Soft Avantajlı Mega Paket Bebek Bezi 5 Numara Junior 96 Adet,755,755,Sleepy,4.4,88,https://www.hepsiburada.com/sleepy-natural-double-soft-avantajli-mega-paket-bebek-bezi-5-numara-junior-96-adet-p-HBCV0000DV2L37,anne-bebek-vitrini
65,HBCV0000ED4OMA,Sleepy,Sleepy Bio Natural Premium Plus Airbag Comfort Avantaj Paketi Külot Bez 5 Numara Junior 80 Adet,810,810,Sleepy,4.3,41,https://www.hepsiburada.com/sleepy-bio-natural-premium-plus-airbag-comfort-avantaj-paketi-kulot-bez-5-numara-junior-80-adet-p-HBCV0000ED4OMA,anne-bebek-vitrini
66,HBCV0000C846WA,Sleepy,Sleepy Natural Double Soft Ultra Paket Bebek Bezi 6 Numara Xlarge 62 Adet,657,657,Sleepy,4.4,329,https://www.hepsiburada.com/sleepy-natural-double-soft-ultra-paket-bebek-bezi-6-numara-xlarge-62-adet-p-HBCV0000C846WA,anne-bebek-vitrini
67,HBCV0000E6V555,Sleepy,Sleepy Bio Natural Premium Plus Airbag Comfort Ultra Paket Bebek Bezi 7 Numara Xxlarge 112 Adet,1029.6,1029.6,defnebebek,4.4,111,https://www.hepsiburada.com/sleepy-bio-natural-premium-plus-airbag-comfort-ultra-paket-bebek-bezi-7-numara-xxlarge-112-adet-p-HBCV0000E6V555,anne-bebek-vitrini
68,HBV00000RFTBB,Prima,Prima PremiumCare Bebek Bezi Ultra Fırsat Paketi 3 Numara 96 Adet Bez,856.79,1454.88,ebebek,4.8,2951,https://www.hepsiburada.com/prima-premiumcare-bebek-bezi-ultra-firsat-paketi-3-numara-96-adet-bez-p-HBV00000RFTBB,anne-bebek-vitrini
69,HBCV00005ACZPQ,Molfix,Molfix Pure & Soft Bebek Bezi 4 Beden Maxi 172 Adet,1059.99,1059.99,Hayat,4.6,762,https://www.hepsiburada.com/molfix-pure-soft-bebek-bezi-4-beden-maxi-172-adet-pm-HBC00005ACZPP,anne-bebek-vitrini
70,HBCV00004PEYSY,Molfix,Molfix Pants Bebek Bezi 7 Beden XXL Aylık Fırsat Paketi 81 Adet,917.99,917.99,Hayat,4.3,206,https://www.hepsiburada.com/molfix-pants-bebek-bezi-7-beden-xxl-aylik-avantaj-paketi-81-adet-pm-HBC00004PEYSX,anne-bebek-vitrini
71,HBCV0000DEZ41B,Baby Turco,Baby Turco Doğadan Avantaj Paketi Pofuduk Bebek Bezi 4 Numara Maxi 100 Adet,419.99,559.99,ebebek,4.4,146,https://www.hepsiburada.com/baby-turco-dogadan-avantaj-paketi-pofuduk-bebek-bezi-4-numara-maxi-100-adet-p-HBCV0000DEZ41B,anne-bebek-vitrini
72,HBCV00006WD7Q7,Molfix,Molfix Premium Ultra Fırsat Paketi 6 Beden 54 Adet,604.99,604.99,Rammar,3.9,282,https://www.hepsiburada.com/molfix-premium-ultra-firsat-paketi-6-beden-54-adet-pm-HBC00006WD7Q6,anne-bebek-vitrini
73,HBCV00006WD2FP,Molfix,Molfix Premium Süper Fırsat Paketi 6 Beden 68 Adet,891.99,891.99,Hayat,4.5,182,https://www.hepsiburada.com/molfix-super-firsat-paketi-6-beden-68-adet-pm-HBC00006WD2FO,anne-bebek-vitrini
74,HBCV0000DF0WV1,Sleepy,Sleepy Natural Double Soft Ultra Fırsat Paketi Külot Bez 6 Numara Xlarge 124 Adet,1227,1227,Sleepy,3.8,110,https://www.hepsiburada.com/sleepy-natural-double-soft-ultra-firsat-paketi-kulot-bez-6-numara-xlarge-124-adet-p-HBCV0000DF0WV1,anne-bebek-vitrini
75,HBV00000QUV4H,Prima,Prima Aktif Bebek Mega Fırsat Paketi 4 Beden 104 Adet,1102.9,1102.9,Hepsiburada,4.8,21242,https://www.hepsiburada.com/prima-aktif-bebek-mega-firsat-paketi-4-beden-104-adet-p-HBV00000QUV4H,anne-bebek-vitrini
76,HBCV0000G8BRDC,Molfix,Molfix Kanal Teknolojisi Mega Paket 5 Beden Junior 200 Adet,1290.99,1290.99,Hayat,1.7,6,https://www.hepsiburada.com/molfix-kanal-teknolojisi-mega-paket-5-beden-junior-200-adet-pm-HBC0000G8BRD9,anne-bebek-vitrini
77,HBCV0000DMHX0B,Sleepy,Sleepy Natural Double Soft Ultra Fırsat Paketi Külot Bez 7 Numara Xxlarge 96 Adet,800,920,defnebebek,3.9,41,https://www.hepsiburada.com/sleepy-natural-double-soft-ultra-paket-kulot-bez-7-numara-xxlarge-96-adet-pm-HBC0000DMHX0A,anne-bebek-vitrini
78,HBCV00006WD3BT,Molfix,Molfix Premium Fırsat Paketi 1 Beden 72 Adet,376.31,423.35,ebebek,4.1,270,https://www.hepsiburada.com/molfix-premium-firsat-paketi-1-beden-72-adet-pm-HBC00006WD3BS,anne-bebek-vitrini
79,HBCV0000ED4ISF,Sleepy,Sleepy Bio Natural Premium Plus Airbag Comfort Avantaj Paketi Külot Bez 6 Numara Xlarge 64 Adet,810,810,Sleepy,4.3,41,https://www.hepsiburada.com/sleepy-bio-natural-premium-plus-airbag-comfort-avantaj-paketi-kulot-bez-6-numara-xlarge-64-adet-p-HBCV0000ED4ISF,anne-bebek-vitrini
80,HBCV00006WD1G5,Molfix,Molfix Premium Süper Fırsat Paketi 2 Beden 140 Adet,754.99,754.99,Happycomtr,4.2,166,https://www.hepsiburada.com/molfix-premium-super-firsat-paketi-2-beden-140-adet-pm-HBC00006WD1G4,anne-bebek-vitrini
81,HBCV0000C84QVW,Sleepy,Sleepy Natural Double Soft Mega Fırsat Paketi Bebek Bezi 3 Numara Midi 168 Adet,1057,1057,Sleepy,4.6,128,https://www.hepsiburada.com/sleepy-natural-double-soft-mega-firsat-paketi-bebek-bezi-3-numara-midi-168-adet-p-HBCV0000C84QVW,anne-bebek-vitrini
82,HBCV0000611G5Y,Sleepy,Sleepy Bio Natural Premium Plus 2'li Fırsat Paketi Bebek Bezi 4 Numara Maxi 82 Adet,367,367,Sleepy,4.5,80,https://www.hepsiburada.com/sleepy-bio-natural-premium-plus-2-li-firsat-paketi-bebek-bezi-4-numara-maxi-82-adet-pm-HBC0000611G5X,anne-bebek-vitrini
83,HBCV0000GVTZUL,Molfix,Molfix Tatlı Rüyalar Bebek Bezi Maxi 76 Adet,468.9,487.42,Hepsiburada,2,1,https://www.hepsiburada.com/molfix-gece-bebek-bezi-maxi-76-adet-pm-HBC0000GVTZUC,anne-bebek-vitrini
84,HBV00000PQBFZ,Sleepy,Sleepy Natural Gross Paket Külot Bez 4 Numara Maxi 100 Adet,380,399.99,ZORSAM E-Ticaret,4.7,12042,https://www.hepsiburada.com/sleepy-natural-gross-paket-kulot-bez-4-numara-maxi-100-adet-p-HBV00000PQBFZ,anne-bebek-vitrini
85,HBCV0000DF1VEM,Baby Turco,Baby Turco Doğadan Avantaj Paketi Pofuduk Bebek Bezi 7 Numara Xxlarge 48 Adet,419.99,559.99,ebebek,4.4,146,https://www.hepsiburada.com/baby-turco-dogadan-avantaj-paketi-pofuduk-bebek-bezi-7-numara-xxlarge-48-adet-p-HBCV0000DF1VEM,anne-bebek-vitrini
86,HBCV0000127BEU,Molfix,Molfix Bantlı Bebek Bezi 2 Beden Mini 3-6 kg 80li Fırsat Paketi Hipoalerjenik Koruma,349.43,393.11,ebebek,4.6,658,https://www.hepsiburada.com/molfix-bebek-bezi-2-beden-mini-firsat-paketi-80-li-pm-HBC0000127BET,anne-bebek-vitrini
87,HBCV0000DSA5MK,Baby Turco,Baby Turco Doğadan Avantaj Paketi Pofuduk Külot Bez 5 Numara Junior 78 adet,467,467,Baby Turco,4.5,49,https://www.hepsiburada.com/baby-turco-dogadan-avantaj-paketi-pofuduk-kulot-bez-5-numara-junior-78-adet-p-HBCV0000DSA5MK,anne-bebek-vitrini
88,HBCV0000ED4GCY,Sleepy,Sleepy Bio Natural Premium Plus Airbag Comfort Ultra Paket Külot Bez 6 Numara Xlarge 128 Adet,1403,1403,Sleepy,4.4,42,https://www.hepsiburada.com/sleepy-bio-natural-premium-plus-airbag-comfort-ultra-paket-kulot-bez-6-numara-xlarge-128-adet-p-HBCV0000ED4GCY,anne-bebek-vitrini
89,HBCV00005ADJKE,Molfix,Molfix Pure & Soft Bebek Bezi 6 Beden Extra Large 108 Adet,1898,1898,Metic,4.3,758,https://www.hepsiburada.com/molfix-pure-soft-bebek-bezi-6-beden-extra-large-108-adet-pm-HBC00005ADJKD,anne-bebek-vitrini
90,HBCV0000ED4TEL,Sleepy,Sleepy Bio Natural Premium Plus Airbag Comfort Ultra Paket Külot Bez 7 Numara Xxlarge 112 Adet,1403,1403,Sleepy,4.4,42,https://www.hepsiburada.com/sleepy-bio-natural-premium-plus-airbag-comfort-ultra-paket-kulot-bez-7-numara-xxlarge-112-adet-p-HBCV0000ED4TEL,anne-bebek-vitrini
91,HBV00000RFTBD,Prima,Prima PremiumCare Bebek Bezi Ultra Fırsat Paket 4 Numara 84 Adet Bez,856.79,1454.88,ebebek,4.8,2951,https://www.hepsiburada.com/prima-premiumcare-bebek-bezi-ultra-firsat-paket-4-numara-84-adet-bez-p-HBV00000RFTBD,anne-bebek-vitrini
92,HBV00000KXQOE,Prima,Prima PremiumCare Bebek Bezi Fırsat Paketi 6 Numara 62 Adet Bez,856.79,1454.88,ebebek,4.8,2951,https://www.hepsiburada.com/prima-premiumcare-bebek-bezi-firsat-paketi-6-numara-62-adet-bez-p-HBV00000KXQOE,anne-bebek-vitrini
93,HBCV0000E6V99Y,Sleepy,Sleepy Bio Natural Premium Plus Airbag Comfort Ultra Paket Bebek Bezi 3 Numara Midi 224 Adet,1403,1403,Sleepy,4.4,111,https://www.hepsiburada.com/sleepy-bio-natural-premium-plus-airbag-comfort-ultra-paket-bebek-bezi-3-numara-midi-224-adet-p-HBCV0000E6V99Y,anne-bebek-vitrini
94,HBCV0000DF0VVC,Sleepy,Sleepy Natural Double Soft Ultra Fırsat Paketi Külot Bez 5 Numara Junior 156 Adet,800,920,defnebebek,3.8,110,https://www.hepsiburada.com/sleepy-natural-double-soft-ultra-firsat-paketi-kulot-bez-5-numara-junior-156-adet-p-HBCV0000DF0VVC,anne-bebek-vitrini
95,HBCV00003V220J,Molfix,Molfix Külot Bez 5 Beden Junior Aylık Avantaj Paketi 44 Adet,327.03,367.91,ebebek,4.3,458,https://www.hepsiburada.com/molfix-kulot-bez-5-beden-junior-aylik-avantaj-paketi-44-adet-pm-HBC00003V220I,anne-bebek-vitrini
96,HBCV00004OSS8N,Molfix,Molfix Bebek Bezi 4 Beden Maxi Hiper Ekonomi Paketi 200 Adet,1064.99,1064.99,Happycomtr,4.7,1965,https://www.hepsiburada.com/molfix-bebek-bezi-4-beden-maxi-hiper-eko-paketi-200-adet-pm-HBC00004OSS8M,anne-bebek-vitrini
97,HBV00000PQBFY,Sleepy,Sleepy Natural Gross Paket Külot Bez 5 Numara Junior 100 Adet,617,649.99,ZORSAM E-Ticaret,4.7,12042,https://www.hepsiburada.com/sleepy-natural-gross-paket-kulot-bez-5-numara-junior-100-adet-p-HBV00000PQBFY,anne-bebek-vitrini
98,HBCV0000DSBR8Q,Baby Turco,Baby Turco Doğadan Avantaj Paketi Pofuduk Külot Bez 6 Numara Xlarge 62 adet,467,467,Baby Turco,4.5,49,https://www.hepsiburada.com/baby-turco-dogadan-avantaj-paketi-pofuduk-kulot-bez-6-numara-xlarge-62-adet-p-HBCV0000DSBR8Q,anne-bebek-vitrini
99,HBCV00007UTI13,Molfix,Molfix Premium Bantlı Bebek Bezi Beden:5 (11-18 kg) Junior 42 Adet Fırsat Paket Yüksek Emici,559.99,559.99,MANDAŞ GROUP,4.4,24,https://www.hepsiburada.com/molfix-premium-bebek-bezi-beden-5-11-18kg-junior-42-adet-firsat-paket-pm-HBC00007UTI12,anne-bebek-vitrini
100,HBCV00000FQF2J,Prima,Prima Aktif Bebek Bebek Bezi Külot Bez Fırsat Paketi 7 Numara 52 Adet Bez,1007.99,1007.99,ebebek,4.7,1496,https://www.hepsiburada.com/prima-aktif-bebek-bebek-bezi-kulot-bez-firsat-paketi-7-numara-52-adet-bez-p-HBCV00000FQF2J,anne-bebek-vitrini
101,HBCV0000A99N8D,Molfix,Molfix Külot Bebek Bezi 4 Beden Maxi Jumbo 52 adet,309.9,322.42,Hepsiburada,4.1,37,https://www.hepsiburada.com/molfix-kulot-bebek-bezi-4-beden-maxi-jumbo-52-adet-pm-HBC0000A99N8C,anne-bebek-vitrini
102,HBCV0000ED4LNA,Sleepy,Sleepy Bio Natural Premium Plus Airbag Comfort Ultra Paket Külot Bez 5 Numara Junior 160 Adet,1403,1403,Sleepy,4.4,42,https://www.hepsiburada.com/sleepy-bio-natural-premium-plus-airbag-comfort-ultra-paket-kulot-bez-5-numara-junior-160-adet-p-HBCV0000ED4LNA,anne-bebek-vitrini
103,HBCV00009G58VM,Molfix,Molfix Bebek Bezi 3D 5 Beden Junior 11-18 Kg 100lü Mega Paket,645.11,806.39,ebebek,4.5,199,https://www.hepsiburada.com/molfix-bebek-bezi-3d-5-beden-junior-11-18-kg-100lu-mega-paket-pm-HBC00009G58VL,anne-bebek-vitrini
104,HBCV00006WD12U,Molfix,Molfix Premium Mega Avantaj Paketi 6 Beden 216 Adet,1907.99,1907.99,Hayat,4.5,220,https://www.hepsiburada.com/molfix-premium-mega-avantaj-paketi-6-beden-216-adet-pm-HBC00006WD12T,anne-bebek-vitrini
105,HBCV0000E6VND6,Sleepy,Sleepy Bio Natural Premium Plus Airbag Comfort Avantaj Paketi Bebek Bezi 7 Numara Xxlarge 56 Adet,810,810,Sleepy,4.3,122,https://www.hepsiburada.com/sleepy-bio-natural-premium-plus-airbag-comfort-avantaj-paketi-bebek-bezi-7-numara-xxlarge-56-adet-p-HBCV0000E6VND6,anne-bebek-vitrini
106,HBCV00006WD38S,Molfix,Molfix Premium Fırsat Paketi 2 Beden 70 Adet,376.31,423.35,ebebek,3.8,256,https://www.hepsiburada.com/molfix-premium-firsat-paketi-2-beden-70-adet-pm-HBC00006WD2BF,anne-bebek-vitrini
107,HBCV00006WWIX3,Molfix,Molfix Premium Aylık Fırsat Paketi 3 Beden 180 Adet,997.99,997.99,Hayat,4.5,96,https://www.hepsiburada.com/molfix-premium-aylik-firsat-paketi-3-beden-180-adet-pm-HBC00006WWIX2,anne-bebek-vitrini
108,HBV00000Q2C86,Molfix,Molfix Bebek Bezi 3D 4 Beden Maxi 7-14 Kg 100lü Ultra Fırsat Paketi,528.63,594.71,ebebek,4.7,13551,https://www.hepsiburada.com/molfix-bebek-bezi-3d-4-beden-maxi-7-14-kg-100lu-ultra-firsat-paketi-p-HBV00000Q2C86,anne-bebek-vitrini
109,HBCV0000E5RLWD,Sleepy,Sleepy Bio Natural Premium Plus Airbag Comfort Ultra Paket Bebek Bezi 4 Numara Maxi 208 Adet,1403,1403,Sleepy,4.4,111,https://www.hepsiburada.com/sleepy-bio-natural-premium-plus-airbag-comfort-ultra-paket-bebek-bezi-4-numara-maxi-208-adet-p-HBCV0000E5RLWD,anne-bebek-vitrini
110,HBCV00006WD1LP,Molfix,Molfix Premium Süper Fırsat Paketi 1 Beden 144 Adet,756.99,756.99,Happycomtr,4.3,128,https://www.hepsiburada.com/molfix-premium-super-firsat-paketi-1-beden-144-adet-pm-HBC00006WD1LO,anne-bebek-vitrini
111,HBCV000077CY40,Prima,Prima PremiumCare Bebek Bezi Ekonomik Paket 7 Numara 30 Adet Bez,503.99,895.99,ebebek,4.7,48,https://www.hepsiburada.com/prima-premiumcare-bebek-bezi-ekonomik-paket-7-numara-30-adet-bez-pm-HBC000077CY3Z,anne-bebek-vitrini
112,HBCV0000DSB2EA,Baby Turco,Baby Turco Doğadan Ekonomik Fırsat Paketi Pofuduk Bebek Bezi 1 Numara Newborn 100 Adet,433,433,Baby Turco,4.8,96,https://www.hepsiburada.com/baby-turco-dogadan-ekonomik-firsat-paketi-pofuduk-bebek-bezi-1-numara-newborn-100-adet-p-HBCV0000DSB2EA,anne-bebek-vitrini
113,HBCV0000DSAAT7,Baby Turco,Baby Turco Doğadan Ekonomik Fırsat Paketi Pofuduk Bebek Bezi 3 Numara Midi 84 Adet,433,433,Baby Turco,4.8,96,https://www.hepsiburada.com/baby-turco-dogadan-ekonomik-firsat-paketi-pofuduk-bebek-bezi-3-numara-midi-84-adet-p-HBCV0000DSAAT7,anne-bebek-vitrini
114,HBCV0000ED4V4U,Sleepy,Sleepy Bio Natural Premium Plus Airbag Comfort Avantaj Paketi Külot Bez 4 Numara Maxi 104 Adet,810,810,Sleepy,4.3,41,https://www.hepsiburada.com/sleepy-bio-natural-premium-plus-airbag-comfort-avantaj-paketi-kulot-bez-4-numara-maxi-104-adet-p-HBCV0000ED4V4U,anne-bebek-vitrini
115,HBV00000SAIF1,Prima,Prima Aktif Bebek Mega Fırsat Paketi 7 Beden 54 Adet,1102.9,1102.9,Hepsiburada,4.8,1575,https://www.hepsiburada.com/prima-aktif-bebek-mega-firsat-paketi-7-beden-54-adet-pm-HBC000034DSDE,anne-bebek-vitrini
116,HBCV00006WD233,Molfix,Molfix Premium Ultra Fırsat Paketi 4 Beden 86 Adet,519.67,584.63,ebebek,3.5,372,https://www.hepsiburada.com/molfix-premium-ultra-firsat-paketi-4-beden-86-adet-pm-HBC00006WD232,anne-bebek-vitrini
117,HBV00000RFTB8,Prima,Prima PremiumCare Bebek Bezi Ekonomik Paket 3 Numara 52 Adet Bez,503.99,895.99,ebebek,4.8,6905,https://www.hepsiburada.com/prima-premiumcare-bebek-bezi-ekonomik-paket-3-numara-52-adet-bez-p-HBV00000RFTB8,anne-bebek-vitrini
118,HBCV0000ECM5LQ,Sleepy,Sleepy Natural Fırsat Paketi 1 Numara 50'li (2-5 Kg)  Yenidoğan,201.59,268.79,ebebek,5,5,https://www.hepsiburada.com/sleepy-natural-firsat-paketi-1-numara-50-li-2-5-kg-yenidogan-pm-HBC0000ECM5LK,anne-bebek-vitrini
119,HBCV0000DV2KRC,Sleepy,Sleepy Natural Double Soft Avantajlı Mega Paket Bebek Bezi 6 Numara Xlarge 80 Adet,791,791,Sleepy,4.4,88,https://www.hepsiburada.com/sleepy-natural-double-soft-avantajli-mega-paket-bebek-bezi-6-numara-xlarge-80-adet-p-HBCV0000DV2KRC,anne-bebek-vitrini
120,HBCV00002LE5WV,Molfix,Molfix Bebek Bezi 3D 5 Beden Junior 11-18 Kg 78li Ultra Fırsat Paketi,528.63,594.71,ebebek,4.7,13551,https://www.hepsiburada.com/molfix-bebek-bezi-3d-5-beden-junior-11-18-kg-78li-ultra-firsat-paketi-p-HBCV00002LE5WV,anne-bebek-vitrini
121,HBCV0000ED4WA7,Sleepy,Sleepy Bio Natural Premium Plus Airbag Comfort Avantaj Paketi Külot Bez 7 Numara Xxlarge 56 Adet,810,810,Sleepy,4.3,41,https://www.hepsiburada.com/sleepy-bio-natural-premium-plus-airbag-comfort-avantaj-paketi-kulot-bez-7-numara-xxlarge-56-adet-p-HBCV0000ED4WA7,anne-bebek-vitrini
122,HBCV0000DBZW0S,Molfix,Molfix Kanal Teknolojisi Süper Avantaj Paketi 1 Beden Yenidoğan 216 Adet,917.99,917.99,Hayat,4.1,30,https://www.hepsiburada.com/molfix-kanal-teknolojisi-super-avantaj-paketi-1-beden-yenidogan-216-adet-pm-HBC0000DBZW0R,anne-bebek-vitrini
123,HBCV00006WD3N3,Molfix,Molfix Premium Ultra Fırsat Paketi 5 Beden 66 Adet,519.67,584.63,ebebek,3.4,420,https://www.hepsiburada.com/molfix-premium-ultra-firsat-paketi-5-beden-66-adet-pm-HBC00006WD3N2,anne-bebek-vitrini
124,HBCV00007ZJ459,Pofy,Pofy Xl 6 Numara Bebek Bezi 15-25 kg 50 Adet,313.59,313.59,ebebek,4.4,92,https://www.hepsiburada.com/pofy-xl-6-numara-bebek-bezi-15-25-kg-50-adet-pm-HBC00007ZJ458,anne-bebek-vitrini
125,HBCV0000DMEIQP,Sleepy,Sleepy Natural Double Soft Ultra Paket Külot Bez 7 Numara Xxlarge 48 Adet,657,657,Sleepy,4.4,18,https://www.hepsiburada.com/sleepy-natural-double-soft-ultra-paket-kulot-bez-7-numara-xxlarge-48-adet-pm-HBC0000DMEIQO,anne-bebek-vitrini
126,HBCV00009S8BHO,Molfix,Molfix Bebek Bezi Beden:6 (15+Kg) Extra Large 80 Adet Mega Pk,645.11,806.39,ebebek,4.4,219,https://www.hepsiburada.com/molfix-bebek-bezi-beden-6-15-kg-extra-large-80-adet-mega-pk-pm-HBC00009S8BHN,anne-bebek-vitrini
127,HBCV0000CVC75J,Molfix,Molfix Külot Bebek Bezi 3 Beden Midi 6-11 kg Jumbo 60 Adet Anne Kucağı Gibi Rahat,284.9,284.9,Hepsiburada,4.4,16,https://www.hepsiburada.com/molfix-kulot-bebek-bezi-3-beden-midi-jumbo-60-adet-pm-HBC0000CVC75I,anne-bebek-vitrini
128,HBCV0000C83GB7,Sleepy,Sleepy Natural Double Soft Ultra Paket Bebek Bezi 7 Numara Xxlarge 48 Adet,657,657,Sleepy,4.4,329,https://www.hepsiburada.com/sleepy-natural-double-soft-ultra-paket-bebek-bezi-7-numara-xxlarge-48-adet-p-HBCV0000C83GB7,anne-bebek-vitrini
129,HBCV00007ZJ3QG,Pofy,Pofy Mini 2 Numara Bebek Bezi 3-6 kg 50 Adet,134.39,134.39,ebebek,4.6,44,https://www.hepsiburada.com/pofy-mini-2-numara-bebek-bezi-3-6-kg-50-adet-pm-HBC00007ZJ3QF,anne-bebek-vitrini
130,HBCV0000E6VLVV,Sleepy,Sleepy Bio Natural Premium Plus Airbag Comfort Mega Paket Bebek Bezi 6 Numara Xlarge 96 Adet,1127,1127,Sleepy,4.3,29,https://www.hepsiburada.com/sleepy-bio-natural-premium-plus-airbag-comfort-mega-paket-bebek-bezi-6-numara-xlarge-96-adet-p-HBCV0000E6VLVV,anne-bebek-vitrini
131,HBV00000VPNRH,Prima,Prima Premium Care 2 Beden Aylık Fırsat Paket 180’li,1899.9,1899.9,Online Market,4.8,22213,https://www.hepsiburada.com/prima-premium-care-2-beden-aylik-firsat-paket-180-li-p-HBV00000VPNRH,anne-bebek-vitrini
132,HBCV0000C8555M,Sleepy,Sleepy Natural Double Soft Mega Fırsat Paketi Bebek Bezi 2 Numara Mini 192 Adet,1057,1057,Sleepy,4.6,128,https://www.hepsiburada.com/sleepy-natural-double-soft-mega-firsat-paketi-bebek-bezi-2-numara-mini-192-adet-p-HBCV0000C8555M,anne-bebek-vitrini
133,HBCV0000DF1075,Sleepy,Sleepy Natural Double Soft Ultra Paket Külot Bez 4 Numara Maxi 100 Adet,657,657,Sleepy,4,76,https://www.hepsiburada.com/sleepy-natural-double-soft-ultra-paket-kulot-bez-4-numara-maxi-100-adet-p-HBCV0000DF1075,anne-bebek-vitrini
134,HBCV00003Y1GI6,Sleepy,Sleepy Natural Ultra Paket Külot Bez 6 Numara Xlarge 128 Adet,1200,1200,avantaj toptan,4.4,103,https://www.hepsiburada.com/sleepy-natural-ultra-paket-kulot-bez-6-numara-xlarge-128-adet-p-HBCV00003Y1GI6,anne-bebek-vitrini
135,HBCV0000FUAPA4,Molfix,Molfix Tatlı Rüyalar Fırsat Paketi 6 Beden Extra Large 96 Adet,1064.99,1064.99,Hayat,3.8,11,https://www.hepsiburada.com/molfix-tatli-ruyalar-firsat-paketi-6-beden-extra-large-96-adet-pm-HBC0000FUAPA0,anne-bebek-vitrini
136,HBV00000DFA35,Prima,Prima PremiumCare Bebek Bezi Külot Bez 6 Numara 28 Adet Bez,453.59,783.99,ebebek,4.8,1983,https://www.hepsiburada.com/prima-premiumcare-bebek-bezi-kulot-bez-6-numara-28-adet-bez-p-HBV00000DFA35,anne-bebek-vitrini
137,HBCV00005A91Y0,Prima,Prima Bebek Bezi Premium Care 2 Numara 4 - 8 kg Bantlı Bez 112 Adet Ultra Fırsat Paketi,949,949,Vagon Express,1.9,27,https://www.hepsiburada.com/prima-bebek-bezi-premium-care-2-numara-112-adet-ultra-firsat-paketi-pm-HBC00005A91XZ,anne-bebek-vitrini
138,HBV00000O3BPE,Prima,Prima Aktif Bebek Bebek Bezi Külot Bez Fırsat Paketi 5 Numara 56 Adet Bez,999,999,KUZEN MARKET,4.7,1496,https://www.hepsiburada.com/prima-aktif-bebek-bebek-bezi-kulot-bez-firsat-paketi-5-numara-56-adet-bez-p-HBV00000O3BPE,anne-bebek-vitrini
139,HBCV0000GVTI2R,Molfix,Molfix Tatlı Rüyalar Bebek Bezi Extra Large 48 Adet,689,689,Ekstremarkt,4.2,6,https://www.hepsiburada.com/molfix-gece-bebek-bezi-extra-large-48-adet-pm-HBC0000GVTI2H,anne-bebek-vitrini
140,HBCV00000QFYWP,Prima,Prima Aktif Bebek Bebek Bezi Külot Bez Fırsat Paketi 6 Numara 52 Adet Bez,1007.99,1007.99,ebebek,4.7,1496,https://www.hepsiburada.com/prima-aktif-bebek-bebek-bezi-kulot-bez-firsat-paketi-6-numara-52-adet-bez-p-HBCV00000QFYWP,anne-bebek-vitrini
141,ZYPYON400536857,Prima,Prima Bebek Bezi Premium Care 0 Numara 30 Adet,279.99,279.99,ebebek,4.8,740,https://www.hepsiburada.com/prima-bebek-bezi-premium-care-0-numara-30-adet-p-ZYPYON400536857,anne-bebek-vitrini
142,HBCV0000DE58E6,Sleepy,Sleepy Natural Double Soft Bebek Bezi Fırsat Paketi 2 Beden 48 Adet,201.59,268.79,ebebek,4.9,18,https://www.hepsiburada.com/sleepy-natural-double-soft-bebek-bezi-firsat-paketi-2-beden-48-adet-pm-HBC0000DE58E5,anne-bebek-vitrini
143,HBCV0000GMQYM8,Prima,"Prima Aktif Bebek 8 Beden, 27 Adet",599.9,599.9,Mis Furkan Toptan E-Ticaret,5,3,https://www.hepsiburada.com/prima-aktif-bebek-8-beden-27-adet-pm-HBC0000GMQYM3,anne-bebek-vitrini
144,HBCV0000H6LAME,Molfix,Molfix Kanal Teknolojisi Hiper Fırsat Paketi 7 Beden Xxl 112 Adet,1165.99,1165.99,Hayat,5,1,https://www.hepsiburada.com/molfix-kanal-teknolojisi-hiper-firsat-paketi-7-beden-xxl-112-adet-pm-HBC0000H6LAM9,anne-bebek-vitrini
145,HBCV0000DV2BXL,Sleepy,Sleepy Natural Double Soft Avantajlı Mega Paket Bebek Bezi 4 Numara Maxi 120 Adet,736,736,Sleepy,4.4,88,https://www.hepsiburada.com/sleepy-natural-double-soft-avantajli-mega-paket-bebek-bezi-4-numara-maxi-120-adet-p-HBCV0000DV2BXL,anne-bebek-vitrini
146,HBCV00006WWINC,Molfix,Molfix Premium Aylık Fırsat Paketi 2 Beden 210 Adet,997.99,997.99,Hayat,4.3,87,https://www.hepsiburada.com/molfix-premium-aylik-firsat-paketi-2-beden-210-adet-pm-HBC00006WWINB,anne-bebek-vitrini
147,HBCV0000E6VCIN,Sleepy,Sleepy Bio Natural Premium Plus Airbag Comfort Mega Paket Bebek Bezi 5 Numara Junior 120 Adet,1127,1127,Sleepy,4.3,29,https://www.hepsiburada.com/sleepy-bio-natural-premium-plus-airbag-comfort-mega-paket-bebek-bezi-5-numara-junior-120-adet-p-HBCV0000E6VCIN,anne-bebek-vitrini
148,HBCV0000ED4OGM,Sleepy,Sleepy Bio Natural Premium Plus Airbag Comfort Mega Paket Külot Bez 5 Numara Junior 120 Adet,1127,1127,Sleepy,4.6,12,https://www.hepsiburada.com/sleepy-bio-natural-premium-plus-airbag-comfort-mega-paket-kulot-bez-5-numara-junior-120-adet-p-HBCV0000ED4OGM,anne-bebek-vitrini
149,HBCV0000AAU5IK,Paddlers,Paddlers Bebek Bezi 8 Numara (25+Kg)  XXX-Large 112 Adet  Ekstra Jumbo Set - Yüksek Emicilik,1353.95,1353.95,Paddlers,4.8,30,https://www.hepsiburada.com/paddlers-bebek-bezi-8-numara-xxx-large-112-adet-25-kg-ekstra-jumbo-set-pm-HBC0000AAU5IJ,anne-bebek-vitrini
150,HBCV0000DF1X4E,Baby Turco,Baby Turco Doğadan Süper Avantaj Paketi Pofuduk Bebek Bezi 4 Numara Maxi 200 Adet,700,700,defnebebek,4.6,114,https://www.hepsiburada.com/baby-turco-dogadan-super-avantaj-paketi-pofuduk-bebek-bezi-4-numara-maxi-200-adet-p-HBCV0000DF1X4E,anne-bebek-vitrini
151,HBCV00002K59LS,Pure Baby,Pure Baby Organik Pamuklu Cırtlı Bez 4'lü Paket 6 Numara Xlarge 128 Adet,1110,1110,PureBaby,4.3,1466,https://www.hepsiburada.com/pure-baby-organik-pamuklu-cirtli-bez-4-lu-paket-6-numara-xlarge-128-adet-p-HBCV00002K59LS,anne-bebek-vitrini
152,HBCV0000GVUMPB,Molfix,Molfix Tatlı Rüyalar Bebek Bezi Midi 84 Adet,468.9,487.42,Hepsiburada,4.5,2,https://www.hepsiburada.com/molfix-gece-bebek-bezi-midi-84-adet-pm-HBC0000GVUMP4,anne-bebek-vitrini
153,HBCV000058YTGP,Sleepy,Sleepy Natural 2'li Mega Fırsat Paketi Bebek Bezi 4+ Numara Maxi Plus 264 Adet,1194.99,1194.99,ZORSAM E-Ticaret,4.5,26,https://www.hepsiburada.com/sleepy-natural-2-li-mega-firsat-paketi-bebek-bezi-4-numara-maxi-plus-264-adet-pm-HBC000058YTGO,anne-bebek-vitrini
154,HBCV00005BDZAT,Baby Turco,Baby Turco Doğadan Bebek Bezi 4 Numara Maxi Fırsat Paketi 52x4 208Adet.,722,799.99,ZORSAM E-Ticaret,4.6,61,https://www.hepsiburada.com/baby-turco-dogadan-bebek-bezi-4-numara-maxi-firsat-paketi-208-adet-pm-HBC00005BDZAS,anne-bebek-vitrini
155,HBCV00003RLEWV,Molfix,Molfix Külot Bebek Bezi 7 Beden XX Large Fırsat Paketi 27 Adet,327.03,367.91,ebebek,4.5,197,https://www.hepsiburada.com/molfix-kulot-bebek-bezi-7-beden-xx-large-firsat-paketi-27-adet-pm-HBC00003RLEWU,anne-bebek-vitrini
156,HBCV0000FBXETO,Sleepy,Sleepy Bio Natural Airbag 1 Beden 64 Adet,277.19,369.59,ebebek,5,5,https://www.hepsiburada.com/sleepy-bio-natural-airbag-1-beden-64-adet-pm-HBC0000FBXETH,anne-bebek-vitrini
157,HBCV0000CE3COJ,Sleepy,Sleepy Natural Double Soft Fırsat Paketi Bebek Bezi 3 Numara Midi 42 Adet,201.59,268.79,ebebek,4.8,19,https://www.hepsiburada.com/natural-double-soft-firsat-paketi-bebek-bezi-3-numara-midi-42-adet-pm-HBC0000CE3COI,anne-bebek-vitrini
158,HBCV00007ZJ3QI,Pofy,Pofy Midi 3 Numara Bebek Bezi 4-9 kg 50 Adet,190.39,190.39,ebebek,4.4,37,https://www.hepsiburada.com/pofy-midi-3-numara-bebek-bezi-4-9-kg-50-adet-pm-HBC00007ZJ3QH,anne-bebek-vitrini
159,HBV00000DFA33,Prima,Prima PremiumCare Bebek Bezi Külot Bez 5 Numara 34 Adet Bez,453.59,783.99,ebebek,4.8,1983,https://www.hepsiburada.com/prima-premiumcare-bebek-bezi-kulot-bez-5-numara-34-adet-bez-p-HBV00000DFA33,anne-bebek-vitrini
160,HBV00000X75AL,Prima,Prima Premium Care Bebek Bezi 5 Beden 11-18 Kg (3*42) 126  11-18 Kg,2099,2099,Vagon Express,4.5,147,https://www.hepsiburada.com/prima-premium-care-bebek-bezi-5-beden-11-18-kg-3-42-126-11-18-kg-pm-HB00000X75AK,anne-bebek-vitrini
161,HBCV000008RMY9,Molfix,Molfix Mayo Bebek Bezi Swimming Pants 4-5 Beden 11 'li 9-15 kg,293,293,KONSEY TOPTAN MARKET,4.7,621,https://www.hepsiburada.com/molfix-mayo-bebek-bezi-swimming-pants-4-5-beden-11-li-9-15-kg-pm-HBC000008RMY8,anne-bebek-vitrini
162,HBCV0000DS9YMA,Baby Turco,Baby Turco Doğadan Avantaj Paketi Pofuduk Külot Bez 4 Numara Maxi 100 ADET,467,467,Baby Turco,4.5,49,https://www.hepsiburada.com/baby-turco-dogadan-avantaj-paketi-pofuduk-kulot-bez-4-numara-maxi-100-adet-p-HBCV0000DS9YMA,anne-bebek-vitrini
163,HBCV0000E6VXTO,Sleepy,Sleepy Bio Natural Premium Plus Airbag Comfort Ultra Paket Bebek Bezi 2 Numara Mini 272 Adet,1149.9,1149.9,Online Market,4.4,111,https://www.hepsiburada.com/sleepy-bio-natural-premium-plus-airbag-comfort-ultra-paket-bebek-bezi-2-numara-mini-272-adet-p-HBCV0000E6VXTO,anne-bebek-vitrini
164,ZYPYON400538523,Prima,Prima PremiumCare Bebek Bezi Ekonomik Paket 5 Numara 42 Adet Bez,503.99,895.99,ebebek,4.8,6905,https://www.hepsiburada.com/prima-premiumcare-bebek-bezi-ekonomik-paket-5-numara-42-adet-bez-p-ZYPYON400538523,anne-bebek-vitrini
165,HBCV0000E8DI8X,Baby Turco,Baby Turco Doğadan 6 Numara Xlarge 72X2 Toplam 144 Adet,899.9,899.9,Online Market,5,5,https://www.hepsiburada.com/dogadan-6-numara-xlarge-72x2-toplam-144-adet-pm-HBC0000E8DI8T,anne-bebek-vitrini
166,HBCV00007ZJ4A0,Pofy,Pofy Maxi 4 Numara Bebek Bezi 7-14 kg 50 Adet,190.39,212.79,ebebek,4.4,38,https://www.hepsiburada.com/pofy-maxi-4-numara-bebek-bezi-7-14-kg-50-adet-pm-HBC00007ZJ3I7,anne-bebek-vitrini
167,HBCV0000DSA6YS,Baby Turco,Baby Turco Doğadan Ekonomik Fırsat Paketi Pofuduk Bebek Bezi 2 Numara Mini 96 Adet,433,433,Baby Turco,4.8,96,https://www.hepsiburada.com/baby-turco-dogadan-ekonomik-firsat-paketi-pofuduk-bebek-bezi-2-numara-mini-96-adet-p-HBCV0000DSA6YS,anne-bebek-vitrini
168,HBCV0000GAJTRC,Molfix,Molfix Kanal Teknolojisi Mega Paket 3 Beden Midi 280 Adet,1290.99,1290.99,Hayat,5,1,https://www.hepsiburada.com/molfix-kanal-teknolojisi-mega-paket-3-beden-midi-280-adet-pm-HBC0000GAJTRB,anne-bebek-vitrini
169,HBCV00006WWINE,Molfix,Molfix Premium Mega Avantaj Paketi 4 Beden 344 Aadet,1907.99,1907.99,Hayat,4.3,127,https://www.hepsiburada.com/molfix-premium-mega-avantaj-paketi-4-beden-344-aadet-pm-HBC00006WWIND,anne-bebek-vitrini
170,HBCV0000FHF8RS,Molfix,Molfix Kanal Teknolojisi Hiper Fırsat Paketi 1 Beden Yenidoğan 288 Adet,1165.99,1165.99,Hayat,4.9,11,https://www.hepsiburada.com/molfix-kanal-teknolojisi-hiper-firsat-paketi-1-beden-yenidogan-288-adet-pm-HBC0000FHF8RR,anne-bebek-vitrini
171,HBCV00000EYQU1,Molfix,Molfix 4 Numara 7-14 Kg Ekstra Yumuşak Bantlı Bebek Bezi 180'Li Paket – Hassas Ciltler İçin Üstün Konfor Ve Koruma,999.9,999.9,Online Market,4.7,5764,https://www.hepsiburada.com/molfix-4-numara-7-14-kg-ekstra-yumusak-bantli-bebek-bezi-180-li-paket-hassas-ciltler-icin-ustun-konfor-ve-koruma-p-HBCV00000EYQU1,anne-bebek-vitrini
172,HBCV00009FWHQD,Molfix,Molfix Bebek Bezi Beden: 5 (11- 18KG) Junior 200 Adet Mega Ekonomik Fırsat Pk,1299.9,1299.9,Online Market,4.9,16,https://www.hepsiburada.com/molfix-bebek-bezi-beden-5-11-18kg-junior-200-adet-mega-ekonomik-firsat-pk-pm-HBC00009FWHQC,anne-bebek-vitrini
173,HBCV00002K59G6,Pure Baby,Pure Baby Organik Pamuklu Cırtlı Bez 4'lü Paket 5 Numara Junior 160 Adet,1104,1104,PureBaby,4.3,1466,https://www.hepsiburada.com/pure-baby-organik-pamuklu-cirtli-bez-4-lu-paket-5-numara-junior-160-adet-p-HBCV00002K59G6,anne-bebek-vitrini
174,HBCV0000ED4IX8,Sleepy,Sleepy Bio Natural Premium Plus Airbag Comfort Mega Paket Külot Bez 6 Numara Xlarge 96 Adet,1127,1127,Sleepy,4.6,12,https://www.hepsiburada.com/sleepy-bio-natural-premium-plus-airbag-comfort-mega-paket-kulot-bez-6-numara-xlarge-96-adet-p-HBCV0000ED4IX8,anne-bebek-vitrini
175,HBCV0000FHF8RI,Molfix,Molfix Kanal Teknolojisi Hiper Fırsat Paketi 5 Beden Maxi 160 Adet,1165.99,1165.99,Hayat,4.8,17,https://www.hepsiburada.com/molfix-kanal-teknolojisi-hiper-firsat-paketi-5-beden-maxi-160-adet-pm-HBC0000FHF8RH,anne-bebek-vitrini
176,HBCV0000DF1XKL,Baby Turco,Baby Turco Doğadan Mega Avantaj Paketi Pofuduk Bebek Bezi 7 Numara Xxlarge 144 Adet,1170,1170,Baby Turco,4.7,96,https://www.hepsiburada.com/baby-turco-dogadan-mega-avantaj-paketi-pofuduk-bebek-bezi-7-numara-xxlarge-144-adet-p-HBCV0000DF1XKL,anne-bebek-vitrini
177,HBCV00007ZJ3WM,Pofy,Pofy Junior 5 Numara Bebek Bezi 11-18 kg 50 Adet,278,599,Lindada,4.3,68,https://www.hepsiburada.com/pofy-junior-5-numara-bebek-bezi-11-18-kg-50-adet-pm-HBC00007ZJ3WL,anne-bebek-vitrini
178,HBCV00008TTI11,Sleepy,Sleepy Natural Gross Paket Külot Bez 7 Numara Xxlarge 100 Adet,1380,1380,İnterTeknoloji,4.4,152,https://www.hepsiburada.com/sleepy-natural-gross-paket-kulot-bez-7-numara-xxlarge-100-adet-pm-HBC00008TTI10,anne-bebek-vitrini
179,HBCV00006WCZG5,Molfix,Molfix Premium Aylık Fırsat Paketi 1 Beden 216 Adet,997.99,997.99,Hayat,4.5,60,https://www.hepsiburada.com/molfix-premium-aylik-firsat-paketi-1-beden-216-adet-pm-HBC00006WCZG4,anne-bebek-vitrini
180,HBCV0000GAJTRA,Molfix,Molfix Kanal Teknolojisi Mega Paketi 4 Beden Maxi 256 Adet,1290.99,1290.99,Hayat,0,0,https://www.hepsiburada.com/molfix-kanal-teknolojisi-mega-paketi-4-beden-maxi-256-adet-pm-HBC0000GAJTR9,anne-bebek-vitrini
181,HBCV0000DSBR85,Baby Turco,Baby Turco Doğadan Süper Fırsat Paketi Pofuduk Bebek Bezi 3 Numara Midi 126 Adet,540,540,Baby Turco,4.6,52,https://www.hepsiburada.com/baby-turco-dogadan-super-firsat-paketi-pofuduk-bebek-bezi-3-numara-midi-126-adet-p-HBCV0000DSBR85,anne-bebek-vitrini
182,HBCV0000C84Z87,Sleepy,Sleepy Natural Double Soft Mega Fırsat Paketi Bebek Bezi 1 Numara Newborn 200 Adet,1057,1057,Sleepy,4.6,128,https://www.hepsiburada.com/sleepy-natural-double-soft-mega-firsat-paketi-bebek-bezi-1-numara-newborn-200-adet-p-HBCV0000C84Z87,anne-bebek-vitrini
183,HBCV00007ZJ47H,Pofy,Pofy Yenidoğan 1 Bebek Bezi 2-5 kg 50 Adet,123.19,123.19,ebebek,4.3,38,https://www.hepsiburada.com/pofy-yenidogan-1-bebek-bezi-2-5-kg-50-adet-pm-HBC00007ZJ47G,anne-bebek-vitrini
184,HBCV000077APP8,Molfix,Molfix Premium Bebek Bezi 60 Adet Beden:3 (4-9kg) Yumuşak ve Hızlı Emici Teknoloji,376.31,423.35,ebebek,3.1,76,https://www.hepsiburada.com/molfix-premium-bebek-bezi-beden-3-4-9kg-midi-60-adet-firsat-pk-pm-HBC000077APP7,anne-bebek-vitrini
185,HBCV00002K59EY,Pure Baby,Pure Baby Organik Bambu Özlü Külot Bez 2'li Paket 6 Numara Xlarge 64 Adet,625,625,PureBaby,4.6,783,https://www.hepsiburada.com/pure-baby-organik-bambu-ozlu-kulot-bez-2-li-paket-6-numara-xlarge-64-adet-p-HBCV00002K59EY,anne-bebek-vitrini
186,HBCV0000E9DS87,Baby Turco,Baby Turco Doğadan 5 Numara Junior 92X2 Toplam 184 Adet,899.99,899.99,ZORSAM E-Ticaret,5,2,https://www.hepsiburada.com/dogadan-5-numara-junior-92x2-toplam-184-adet-pm-HBC0000E9DS84,anne-bebek-vitrini
187,HBV00000VPNRD,Prima,Prima Premium Care 1 Beden Aylık Fırsat Paket 210’lu,1799,1799,Vagon Express,4.8,22213,https://www.hepsiburada.com/prima-premium-care-1-beden-aylik-firsat-paket-210-lu-p-HBV00000VPNRD,anne-bebek-vitrini
188,HBV00000RFTBN,Prima,Prima Aktif Bebek 4 Numara Külot Bebek Bezi Fırsat Paketi 62 Adet 9 - 14 kg İçin Koruma,1099,1099,GÜLSE TEKNOLOJİ,4.8,547,https://www.hepsiburada.com/prima-aktif-bebek-bebek-bezi-kulot-bez-firsat-paketi-4-numara-62-adet-bez-pm-HBC000052DGOE,anne-bebek-vitrini
189,HBCV00006WWIY1,Molfix,Molfix Premium Aylık Fırsat Paketi 5 Beden 126 Adet,997.99,997.99,Hayat,4.5,115,https://www.hepsiburada.com/molfix-premium-aylik-firsat-paketi-5-beden-126-adet-pm-HBC00006WWIY0,anne-bebek-vitrini
190,HBCV00007ZKCLC,Baby Me,Baby Me Xl 6 Numara Bebek Bezi 15-25 kg 50 Adet,365,365,Lindada,4.7,46,https://www.hepsiburada.com/baby-me-xl-6-numara-bebek-bezi-15-25-kg-50-adet-pm-HBC00007ZKCLB,anne-bebek-vitrini
191,HBV00000RFTB9,Prima,Prima PremiumCare Bebek Bezi Ekonomik Paket 4 Numara 46 Adet Bez,503.99,895.99,ebebek,4.8,6905,https://www.hepsiburada.com/prima-premiumcare-bebek-bezi-ekonomik-paket-4-numara-46-adet-bez-p-HBV00000RFTB9,anne-bebek-vitrini
192,HBCV00005R51JZ,Sleepy,Sleepy Natural Külot Bez 4 Numara Maxi Mega Fırsat Paketi 300 Adet,1099.9,1099.9,Online Market,4.5,11,https://www.hepsiburada.com/sleepy-natural-kulot-bez-4-numara-maxi-mega-firsat-paketi-100-adet-pm-HBC00005R51JY,anne-bebek-vitrini
193,HBV00000WQ7FY,Molfix,Molfix Prematüre 0 Beden Çocuk Bezi 120 Adet,430.99,430.99,Hayat,4.7,139,https://www.hepsiburada.com/molfix-premature-0-beden-cocuk-bezi-120-li-pm-HB00000WQ7FX,anne-bebek-vitrini
194,HBCV0000DV1UZI,Sleepy,Sleepy Natural Double Soft Avantajlı Mega Paket Bebek Bezi 3 Numara Midi 136 Adet,855,855,Sleepy,4.4,88,https://www.hepsiburada.com/sleepy-natural-double-soft-avantajli-mega-paket-bebek-bezi-3-numara-midi-136-adet-p-HBCV0000DV1UZI,anne-bebek-vitrini
195,HBCV00003C2QFK,Baby Turco,Baby Turco Bebek Bebek Bezi 2 Aylık Paket 7 Numara 20-30 kg 168 Adet,1399.9,1399.9,Online Market,4.7,590,https://www.hepsiburada.com/baby-turco-bebek-bebek-bezi-2-aylik-paket-7-numara-20-30-kg-168-adet-p-HBCV00003C2QFK,anne-bebek-vitrini
196,HBCV0000DF1X9J,Baby Turco,Baby Turco Doğadan Mega Avantaj Paketi Bebek Bezi 5 Numara Junior 234 Adet,1170,1170,Baby Turco,4.7,96,https://www.hepsiburada.com/baby-turco-dogadan-mega-avantaj-paketi-bebek-bezi-5-numara-junior-234-adet-p-HBCV0000DF1X9J,anne-bebek-vitrini
197,HBCV0000FUAL54,Molfix,Molfix Tatlı Rüyalar Fırsat Paketi 5 Beden Junior 116 Adet,1064.99,1064.99,Hayat,4.2,6,https://www.hepsiburada.com/molfix-tatli-ruyalar-firsat-paketi-5-beden-junior-116-adet-pm-HBC0000FUAL4X,anne-bebek-vitrini
198,HBCV0000DV1T2S,Sleepy,Sleepy Natural Double Soft Avantajlı Mega Paket Bebek Bezi 2 Numara Mini 168 Adet,924,924,Sleepy,4.4,88,https://www.hepsiburada.com/sleepy-natural-double-soft-avantajli-mega-paket-bebek-bezi-2-numara-mini-168-adet-p-HBCV0000DV1T2S,anne-bebek-vitrini
199,HBV00001BKUWV,Baby Turco,Baby Turco Doğadan 4 Numara Bebek Bezi 8-14 kg Maxi 240'LI,899.9,899.9,Online Market,4.6,4183,https://www.hepsiburada.com/baby-turco-dogadan-4-numara-bebek-bezi-8-14-kg-maxi-240-li-p-HBV00001BKUWV,anne-bebek-vitrini
200,HBCV0000DSAIM0,Baby Turco,Baby Turco Doğadan Süper Fırsat Paketi Pofuduk Bebek Bezi 2 Numara Mini 144 Adet,540,540,Baby Turco,4.6,52,https://www.hepsiburada.com/baby-turco-dogadan-super-firsat-paketi-pofuduk-bebek-bezi-2-numara-mini-144-adet-p-HBCV0000DSAIM0,anne-bebek-vitrini
201,HBCV0000E8IV3G,Sleepy,Sleepy Bio Natural Premium Plus Airbag Comfort Süper Paket Bebek Bezi 4 Numara Maxi 52 Adet,277.19,369.59,ebebek,4.3,4,https://www.hepsiburada.com/sleepy-bio-natural-premium-plus-airbag-comfort-super-paket-bebek-bezi-4-numara-maxi-52-adet-pm-HBC0000E8ITP8,anne-bebek-vitrini
202,HBCV00008DAMQW,Canbebe,Canbebe Bebek Bezi Mega Paket 6 Beden Xl (15-27kg) 62 Li x 3 Adet,1358,1358,Gross Birlik,4.8,44,https://www.hepsiburada.com/canbebe-bebek-bezi-mega-paket-6-beden-xl-15-27kg-62-li-x-3-adet-pm-HBC00008DAMQV,anne-bebek-vitrini
203,HBCV0000FHF8RM,Molfix,Molfix Kanal Teknolojisi Hiper Fırsat Paketi 6 Beden Extra Large 128 Adet,1165.99,1165.99,Hayat,4.9,18,https://www.hepsiburada.com/molfix-kanal-teknolojisi-hiper-firsat-paketi-6-beden-extra-large-128-adet-pm-HBC0000FHF8RL,anne-bebek-vitrini
204,HBCV00002K59EM,Pure Baby,Pure Baby Organik Pamuklu Cırtlı Bez 2'li Paket 5 Numara Junior 80 Adet,610,610,PureBaby,4.3,1269,https://www.hepsiburada.com/pure-baby-organik-pamuklu-cirtli-bez-2-li-paket-5-numara-junior-80-adet-p-HBCV00002K59EM,anne-bebek-vitrini
205,HBCV0000E6VM6A,Sleepy,Sleepy Bio Natural Premium Plus Airbag Comfort Ultra Paket Bebek Bezi 1 Numara Newborn 256 Adet,1029.6,1029.6,defnebebek,4.4,111,https://www.hepsiburada.com/sleepy-bio-natural-premium-plus-airbag-comfort-ultra-paket-bebek-bezi-1-numara-newborn-256-adet-p-HBCV0000E6VM6A,anne-bebek-vitrini
206,HBCV0000FHF8RQ,Molfix,Molfix Kanal Teknolojisi Hiper Fırsat Paketi 2 Beden Mini 264 Adet,1165.99,1165.99,Hayat,5,9,https://www.hepsiburada.com/molfix-kanal-teknolojisi-hiper-firsat-paketi-2-beden-mini-264-adet-pm-HBC0000FHF8RP,anne-bebek-vitrini
207,HBCV0000528E8N,Bebem Natural,Bebem Natural Bebek Bezi Ultra Fırsat Paketi Maxi 6 Numara 128 Adet (64 x 2 Paket),1190,1190,İnterTeknoloji,4.4,47,https://www.hepsiburada.com/bebem-natural-bebek-bezi-ultra-firsat-paketi-maxi-6-numara-128-adet-64-x-2-paket-pm-HBC0000528E8M,anne-bebek-vitrini
208,HBCV0000A2PBN1,Baby Turco,Doğadan Külot Bebek Bez 4 Numara Maxi 180 Adet 8-18 kg,599.99,599.99,ZORSAM E-Ticaret,5,2,https://www.hepsiburada.com/dogadan-kulot-bebek-bez-4-numara-maxi-180-adet-8-18-kg-pm-HBC0000A2PBN0,anne-bebek-vitrini
209,HBCV00008VP5CI,Sleepy,Sleepy Natural Gross Paket Külot Bez 7 Numara ( 20- 30 kg ) Xxlarge 200 Adet,2259,2259,İnterTeknoloji,4.8,24,https://www.hepsiburada.com/sleepy-natural-gross-paket-kulot-bez-7-numara-20-30-kg-xxlarge-200-adet-pm-HBC00008VP5CH,anne-bebek-vitrini
210,HBV000015W8QY,Sleepy,Sleepy Gece Külotu Lavanta Yağlı 6 Numara Xlarge 60'lı,657,657,Sleepy,4.6,468,https://www.hepsiburada.com/sleepy-gece-kulotu-lavanta-yagli-6-numara-xlarge-60-li-pm-HB000015W8QX,anne-bebek-vitrini
211,HBV000013BJHD,Sleepy,Sleepy Gece Külotu Lavanta Yağlı  Junior 5 Beden 24 Adet,335,335,Sleepy,4.3,111,https://www.hepsiburada.com/sleepy-gece-kulotu-lavanta-yagli-junior-5-beden-24-adet-pm-HB000013BJHC,anne-bebek-vitrini
212,HBCV0000FJQBKJ,Prima,Prima 8 Beden Aktif Bebek Bezi Süper Paket 27X4 108 Adet,2248.9,2248.9,ARESSA,0,0,https://www.hepsiburada.com/prima-8-beden-aktif-bebek-bezi-super-paket-27x4-108-adet-pm-HBC0000FJQBKD,anne-bebek-vitrini
213,HBCV00006WD1AC,Molfix,Molfix Premium Aylık Fırsat Paketi 6 Beden 102 Adet,997.99,997.99,Hayat,4.2,62,https://www.hepsiburada.com/molfix-premium-aylik-firsat-paketi-6-beden-102-adet-pm-HBC00006WD1AB,anne-bebek-vitrini
214,HBV00000QUV48,Prima,Prima Aktif Bebek Bebek Bezi Ekonomik Paket 3 Numara 62 Adet Bez,535,535,ONURMARKET,4.9,16803,https://www.hepsiburada.com/prima-aktif-bebek-bebek-bezi-ekonomik-paket-3-numara-62-adet-bez-p-HBV00000QUV48,anne-bebek-vitrini
215,HBCV00001U517O,Sleepy,"Sleepy Ecologic Premium Plus Avantajlı Paket Külot Bez 4 Numara Maxi 144 Adet
",820,820,Sleepy,5,6,https://www.hepsiburada.com/sleepy-ecologic-avantajli-paket-kulot-bez-4-numara-maxi-144-lu-pm-HBC00001U517N,anne-bebek-vitrini
216,HBCV0000FHF8RG,Molfix,Molfix Kanal Teknolojisi Hiper Fırsat Paketi 4+ Beden Maxi Plus 168 Adet,1165.99,1165.99,Hayat,5,3,https://www.hepsiburada.com/molfix-kanal-teknolojisi-hiper-firsat-paketi-4-beden-maxi-plus-168-adet-pm-HBC0000FHF8RF,anne-bebek-vitrini
217,HBCV000087X7T4,Baby Me,Baby Me Junior 5 Numara Bebek Bezi 11-18 kg 50 Adet,335.99,335.99,ebebek,4,14,https://www.hepsiburada.com/baby-me-junior-5-numara-bebek-bezi-11-18-kg-50-adet-pm-HBC000087X7T3,anne-bebek-vitrini
218,HBCV0000556DZ3,Baby Turco,Baby Turco Doğadan 2'li Süper Fırsat Paketi Bebek Bezi 5 Numara Junior 174 Adet,899.9,899.9,Online Market,4.6,44,https://www.hepsiburada.com/baby-turco-dogadan-2-li-super-firsat-paketi-bebek-bezi-5-numara-junior-174-adet-pm-HBC0000556DZ2,anne-bebek-vitrini
219,HBCV00003HDF7A,Baby Turco,Baby Turco Doğadan Bonus Bebek Bezi 5 Numara Junior 92 Adet,499.9,499.9,Online Market,4.7,787,https://www.hepsiburada.com/baby-turco-dogadan-bonus-bebek-bezi-5-numara-junior-92-adet-p-HBCV00003HDF7A,anne-bebek-vitrini
220,HBCV00003HFE7U,Sleepy,Sleepy Natural Külot Bebek Bezi 5 Beden Junior 4x2'li Jumbo 160 Ade,999.9,999.9,Online Market,4.7,395,https://www.hepsiburada.com/sleepy-natural-kulot-bebek-bezi-5-beden-junior-4x2-li-jumbo-160-ade-p-HBCV00003HFE7U,anne-bebek-vitrini
221,HBCV0000DSBMW3,Baby Turco,Baby Turco Doğadan Mega Avantaj Paketi Pofuduk Külot Bez 5 Numara Junior 234 Adet,1170,1170,Baby Turco,4.5,40,https://www.hepsiburada.com/baby-turco-dogadan-mega-avantaj-paketi-pofuduk-kulot-bez-5-numara-junior-234-adet-p-HBCV0000DSBMW3,anne-bebek-vitrini
222,HBCV0000E5RLW5,Sleepy,Sleepy Bio Natural Premium Plus Airbag Comfort Mega Paket Bebek Bezi 4 Numara Maxi 156 Adet,1127,1127,Sleepy,4.3,29,https://www.hepsiburada.com/sleepy-bio-natural-premium-plus-airbag-comfort-mega-paket-bebek-bezi-4-numara-maxi-156-adet-p-HBCV0000E5RLW5,anne-bebek-vitrini
223,HBCV000018N92P,Sleepy,Sleepy Bio Natural U ltra Paket Bebek Bezi 4 Numara Maxi 192 Adet,999.9,999.9,Online Market,4.4,122,https://www.hepsiburada.com/sleepy-bio-natural-u-ltra-paket-bebek-bezi-4-numara-maxi-192-adet-pm-HBC000018N92O,anne-bebek-vitrini
224,HBCV00003Y1GDW,Sleepy,Sleepy Natural Ultra Paket Bebek Bezi 5 Numara Junior 160 Adet,1099.9,1099.9,Online Market,4.7,630,https://www.hepsiburada.com/sleepy-natural-ultra-paket-bebek-bezi-5-numara-junior-160-adet-p-HBCV00003Y1GDW,anne-bebek-vitrini
225,HBCV00005ICH9N,Pinemed,Pinemed İdrar Torbalı Bebek Bezi (11+ kg) 2 Adet,299.99,299.99,URAY MEDİKAL,4.7,27,https://www.hepsiburada.com/pinemed-idrar-torbali-bebek-bezi-11-kg-2-adet-pm-HBC00005ICH9M,anne-bebek-vitrini
226,HBCV000008RMY7,Molfix,Molfix 5-6 Numara Mayo Bebek Bezi Swimming Pants 10 Adet 14+ kg Hızlı Emici Teknoloji ile Konfor,349,349,İnterTeknoloji,4.5,42,https://www.hepsiburada.com/molfix-mayo-bebek-bezi-swimming-pants-5-6-beden-10-lu-14-kg-pm-HBC000008RMY6,anne-bebek-vitrini
227,HBCV00006BISZN,Molfix,Molfix Pants Külot Bebek Bezi 6 Numara 116'LI,1179.23,1179.23,VETMAR,4.8,26,https://www.hepsiburada.com/molfix-pants-kulot-bebek-bezi-6-numara-116-li-pm-HBC00006BISZM,anne-bebek-vitrini
228,HBCV00009WB8DZ,Canbebe,Canbebe Bebek Bezi Mega Paket 7 Beden Xxl (17+ Kg) 52 Adet x 3 Adet,1500,1500,İnterTeknoloji,4.7,35,https://www.hepsiburada.com/canbebe-bebek-bezi-mega-paket-7-beden-xxl-17-kg-52-adet-x-3-adet-pm-HBC00009WB8DY,anne-bebek-vitrini
229,HBCV00007ZJ3NF,Baby Me,Baby Me Maxi 4 Numara Bebek Bezi 7-14 kg 100 Adet,503.99,503.99,ebebek,4.1,35,https://www.hepsiburada.com/baby-me-maxi-4-numara-bebek-bezi-7-14-kg-100-adet-pm-HBC00007ZJ3NE,anne-bebek-vitrini
230,HBCV000058YREN,Sleepy,Sleepy Natural 2'li Ekonomik Fırsat Paketi Bebek Bezi 4+ Numara Maxi Plus 132 Adet,699.99,699.99,ZORSAM E-Ticaret,4.6,55,https://www.hepsiburada.com/sleepy-natural-2-li-ekonomik-firsat-paketi-bebek-bezi-4-numara-maxi-plus-132-adet-pm-HBC000058YREM,anne-bebek-vitrini
231,HBCV0000DF1X9L,Baby Turco,Baby Turco Doğadan Mega Avantaj Paketi Pofuduk Bebek Bezi 6 Numara Xlarge 186 Adet,1322,1322,indirgetir,4.7,96,https://www.hepsiburada.com/baby-turco-dogadan-mega-avantaj-paketi-pofuduk-bebek-bezi-6-numara-xlarge-186-adet-p-HBCV0000DF1X9L,anne-bebek-vitrini
232,HBCV0000DSBJO4,Baby Turco,Baby Turco Doğadan Süper Avantaj Paketi Pofuduk Külot Bez 6 Numara Xlarge 124 Adet,800,800,Baby Turco,4.7,48,https://www.hepsiburada.com/baby-turco-dogadan-super-avantaj-paketi-pofuduk-kulot-bez-6-numara-xlarge-124-adet-p-HBCV0000DSBJO4,anne-bebek-vitrini
233,HBCV00002K59F2,Pure Baby,Pure Baby Organik Bambu Özlü Külot Bez 3'lü Paket 6 Numara Xlarge 96 Adet,887,887,PureBaby,4.4,385,https://www.hepsiburada.com/pure-baby-organik-bambu-ozlu-kulot-bez-3-lu-paket-6-numara-xlarge-96-adet-p-HBCV00002K59F2,anne-bebek-vitrini
234,HBCV0000ED4OJ0,Sleepy,Sleepy Bio Natural Premium Plus Airbag Comfort Ultra Paket Külot Bez 4 Numara Maxi 208 Adet,1403,1403,Sleepy,4.4,42,https://www.hepsiburada.com/sleepy-bio-natural-premium-plus-airbag-comfort-ultra-paket-kulot-bez-4-numara-maxi-208-adet-p-HBCV0000ED4OJ0,anne-bebek-vitrini
235,HBV00000WG22W,Sleepy,Sleepy Mayo Külot Bez 5 Numara Junıor 3'Lü Paket 7 - 18 Kg,800,800,Sleepy,4.5,217,https://www.hepsiburada.com/sleepy-mayo-kulot-bez-5-numara-junior-3-lu-paket-7-18-kg-p-HBV00000WG22W,anne-bebek-vitrini
236,HBCV00002K59ES,Pure Baby,Pure Baby Organik Bambu Özlü Külot Bez Tekli Paket 5 Numara Junior 40 Adet,499,499,Metic,4.4,2790,https://www.hepsiburada.com/pure-baby-organik-bambu-ozlu-kulot-bez-tekli-paket-5-numara-junior-40-adet-p-HBCV00002K59ES,anne-bebek-vitrini
237,HBV000013BJGX,Sleepy,Sleepy Gece Külotu Lavanta Yağlı  Xlarge 6 Beden 20 Adet,335,335,Sleepy,4.4,68,https://www.hepsiburada.com/sleepy-gece-kulotu-lavanta-yagli-xlarge-6-beden-20-adet-pm-HB000013BJGW,anne-bebek-vitrini
238,HBV00000DFA31,Prima,Prima PremiumCare Bebek Bezi Külot Bez 4 Numara 44 Adet Bez,453.59,783.99,ebebek,4.8,1983,https://www.hepsiburada.com/prima-premiumcare-bebek-bezi-kulot-bez-4-numara-44-adet-bez-p-HBV00000DFA31,anne-bebek-vitrini
239,HBCV00005GXAFN,Pinemed,Pinemed İdrar Toplama Bezi 5-11 kg 2 Adet,299.99,299.99,URAY MEDİKAL,3.8,19,https://www.hepsiburada.com/pinemed-idrar-toplama-bezi-5-11-kg-2-adet-pm-HBC00005GXAFM,anne-bebek-vitrini
240,HBCV00004PEYSU,Molfix,Molfix Pants Bebek Bezi 7 Beden XXL Aylık AvantajPaketi 54 Adet,671.99,671.99,Hayat,4.6,74,https://www.hepsiburada.com/molfix-pants-bebek-bezi-7-beden-xxl-aylik-avantaj-paketi-54-adet-pm-HBC00004PEYST,anne-bebek-vitrini
241,HBCV00002JM9CU,Sleepy,Sleepy Natural Cırtlı Bebek Bezi Ultra Avantaj Paket 6 Numara 15-25 Kg 128 Adet,1299.9,1299.9,Online Market,4.7,1195,https://www.hepsiburada.com/sleepy-natural-cirtli-bebek-bezi-ultra-avantaj-paket-6-numara-15-25-kg-128-adet-p-HBCV00002JM9CU,anne-bebek-vitrini
242,HBCV000027ILAO,Molfix,Molfix Bantlı Bebek Bezi 2 Beden 3 - 6 kg 112 Adet Ultra Yumuşak Koruma Sunar,915,915,Glimra Şhopping,4.3,13,https://www.hepsiburada.com/molfix-pure-soft-ultra-avantaj-bebek-bezi-2-beden-112-adet-pm-HBC000027ILAN,anne-bebek-vitrini
243,HBCV000051Y3T3,Bebem Natural,Bebem Natural Bebek Bezi Ultra Fırsat Paketi Maxi 5 Numara 160 Adet (80 x 2 Paket),1168.86,1168.86,VETMAR,4.5,52,https://www.hepsiburada.com/bebem-natural-bebek-bezi-ultra-firsat-paketi-maxi-5-numara-160-adet-80-x-2-paket-pm-HBC000051Y3T2,anne-bebek-vitrini
244,HBCV0000314GDQ,Sleepy,Sleepy Natural 5 Beden Bantlı Bebek Bezi 320 Adet 11 - 18 kg Ekstra Yumuşak Konfor,2099.9,2099.9,Online Market,5,3,https://www.hepsiburada.com/sleepy-natural-bebek-bezi-5-beden-320-li-pm-HBC0000314GDP,anne-bebek-vitrini
245,HBCV0000D5JXDA,Molfix,Molfix Pants 4 Beden Fırsat Paketi 156 Adet,917.99,917.99,Hayat,4.2,26,https://www.hepsiburada.com/molfix-pants-4-beden-firsat-paketi-156-adet-pm-HBC0000D5JXD9,anne-bebek-vitrini
246,HBCV0000BBFW44,Pofy,Pofy Xl 6 Numara Bebek Bezi 100 Ad,582.39,582.39,ebebek,3.4,29,https://www.hepsiburada.com/pofy-xl-6-numara-bebek-bezi-100-ad-pm-HBC0000BBFW43,anne-bebek-vitrini
247,HBCV00002K59FU,Pure Baby,Pure Baby Organik Pamuklu Cırtlı Bez 3'lü Paket 5 Numara Junior 120 Adet,853,853,PureBaby,4.3,616,https://www.hepsiburada.com/pure-baby-organik-pamuklu-cirtli-bez-3-lu-paket-5-numara-junior-120-adet-p-HBCV00002K59FU,anne-bebek-vitrini
248,HBV00000WG22Y,Sleepy,Sleepy Mayo Külot Bez 6 Numara  X Large 3'Lü Paket 11 - 25 Kg,800,800,Sleepy,4.5,217,https://www.hepsiburada.com/sleepy-mayo-kulot-bez-6-numara-x-large-3-lu-paket-11-25-kg-p-HBV00000WG22Y,anne-bebek-vitrini
249,HBCV00002K59F8,Pure Baby,Pure Baby Organik Bambu Özlü Külot Bez 4'lü Paket 6 Numara Xlarge 128 Adet,1147,1147,PureBaby,4.5,598,https://www.hepsiburada.com/pure-baby-organik-bambu-ozlu-kulot-bez-4-lu-paket-6-numara-xlarge-128-adet-p-HBCV00002K59F8,anne-bebek-vitrini
250,HBCV0000E6V4MH,Sleepy,Sleepy Bio Natural Premium Plus Airbag Comfort Mega Paket Bebek Bezi 1 Numara Newborn 192 Adet,1127,1127,Sleepy,4.3,29,https://www.hepsiburada.com/sleepy-bio-natural-premium-plus-airbag-comfort-mega-paket-bebek-bezi-1-numara-newborn-192-adet-p-HBCV0000E6V4MH,anne-bebek-vitrini
251,HBCV00004QAVGT,Molfix,Molfix Pants Bebek Bezi 5 Beden Junior Aylık AvantajPaketi 88 Adet,671.99,671.99,Hayat,4.6,163,https://www.hepsiburada.com/molfix-pants-bebek-bezi-5-beden-junior-aylik-avantajpaketi-88-adet-pm-HBC00004QAVGS,anne-bebek-vitrini
252,HBCV000077I2GG,Molfix,Molfix Premium Bantlı Bebek Bezi Beden:4 (7-14KG) Maxi 54 Adet Fırsat Paketi ile Yüksek Konfor,559.99,559.99,MANDAŞ GROUP,4.5,17,https://www.hepsiburada.com/molfix-premium-bebek-bezi-beden-4-7-14kg-maxi-54-adet-firsat-pk-pm-HBC000077I2GF,anne-bebek-vitrini
253,HBV00001BKUWT,Baby Turco,Baby Turco Doğadan 3 Numara Bebek Bezi 5-9 kg Midi 272 Adet,1299,1299,CİCİMAMAMARKET,4.6,4183,https://www.hepsiburada.com/baby-turco-dogadan-3-numara-bebek-bezi-5-9-kg-midi-272-adet-p-HBV00001BKUWT,anne-bebek-vitrini
254,HBCV00005WI36M,Sleepy,Sleepy Extra Günlük Aktivite Gross Paket Bebek Bezi 5 Numara Junior 100 Adet,949.95,949.95,MeralTicaret,4.6,5187,https://www.hepsiburada.com/sleepy-extra-gunluk-aktivite-gross-paket-bebek-bezi-5-numara-junior-100-adet-p-HBCV00005WI36M,anne-bebek-vitrini
255,HBCV00005WI3XT,Sleepy,Sleepy Extra Günlük Aktivite Gross Paket Bebek Bezi 7 Numara Xxlarge 100 Adet,1999,1999,Rıza baba,4.6,5187,https://www.hepsiburada.com/sleepy-extra-gunluk-aktivite-gross-paket-bebek-bezi-7-numara-xxlarge-100-adet-p-HBCV00005WI3XT,anne-bebek-vitrini
256,HBV00000RFTBF,Prima,Prima PremiumCare Bebek Bezi Aylık Fırsat Paketi 3 Numara 144 Adet Bez,1619,1708,ELSAN TEKNOLOJİ,4.8,22213,https://www.hepsiburada.com/prima-premiumcare-bebek-bezi-aylik-firsat-paketi-3-numara-144-adet-bez-p-HBV00000RFTBF,anne-bebek-vitrini
257,HBCV00000EYQU5,Molfix,Molfix Bebek Bezi 5 Numara 11-18 Kg Bantlı 144 Adet Hızlı Emici Teknoloji ve Ekstra Konfor,1099.9,1099.9,Online Market,4.7,5764,https://www.hepsiburada.com/molfix-bebek-bezi-5-numara-11-18-kg-bantli-144-adet-hizli-emici-teknoloji-ve-ekstra-konfor-p-HBCV00000EYQU5,anne-bebek-vitrini
258,HBV00000SL1C3,Prima,Prima PremiumCare Bebek Bezi Ekonomik Paket 6 Numara 35 Adet Bez,503.99,895.99,ebebek,4.8,6905,https://www.hepsiburada.com/prima-premiumcare-bebek-bezi-ekonomik-paket-6-numara-35-adet-bez-p-HBV00000SL1C3,anne-bebek-vitrini
259,HBCV0000A556Y7,Molfix,Bebek Bezi Ultra Fırsat Paketi Junior 5 No 78 Li x 3 Adet,1499.9,1499.9,Online Market,4.2,5,https://www.hepsiburada.com/bebek-bezi-ultra-firsat-paketi-junior-5-no-78-li-x-3-adet-pm-HBC0000A556Y6,anne-bebek-vitrini
260,HBCV00005TT27R,Canbebe,Canbebe Bebek Bezi Fırsat Paketi 7 Beden Xxl (17+ Kg) 28 Li x 4 Adet,1159.9,1175,Happycomtr,4.7,52,https://www.hepsiburada.com/canbebe-bebek-bezi-firsat-paketi-7-beden-xxl-17-kg-28-li-x-4-adet-pm-HBC00005TT27Q,anne-bebek-vitrini
261,HBCV0000E6VVLW,Sleepy,Sleepy Bio Natural Premium Plus Airbag Comfort Mega Paket Bebek Bezi 2 Numara Mini 204 Adet,935,935,indirgetir,4.3,29,https://www.hepsiburada.com/sleepy-bio-natural-premium-plus-airbag-comfort-mega-paket-bebek-bezi-2-numara-mini-204-adet-p-HBCV0000E6VVLW,anne-bebek-vitrini
262,HBCV00003Y1GU7,Sleepy,Sleepy Natural Avantajlı Paket Bebek Bezi 5 Numara Junior 120 Adet,899.9,899.9,Online Market,4.7,79,https://www.hepsiburada.com/sleepy-natural-avantajli-paket-bebek-bezi-5-numara-junior-120-adet-pm-HBC00003Y1GU6,anne-bebek-vitrini
263,ZYHAYAT5034444,Molfix,Molfix Fırsat Paketi 5 Beden Junior Plus  44 Adet,433,514.49,MANDAŞ GROUP,4.6,1987,https://www.hepsiburada.com/molfix-firsat-paketi-5-beden-junior-plus-44-adet-p-ZYHAYAT5034444,anne-bebek-vitrini
264,HBCV00003HFJEU,Sleepy,Sleepy Natural Külot Bebek Bezi 6 Beden Xlarge 128 Adet,1199.9,1199.9,Online Market,4.7,395,https://www.hepsiburada.com/sleepy-natural-kulot-bebek-bezi-6-beden-xlarge-128-adet-p-HBCV00003HFJEU,anne-bebek-vitrini
265,HBV00000XA2ML,Sleepy,Sleepy Natural Külot Bez 5 Beden Junior 200   11 - 18 kg,1199.9,1199.9,Online Market,4.6,100,https://www.hepsiburada.com/sleepy-natural-kulot-bez-5-beden-junior-200-11-18-kg-pm-HB00000XA2MK,anne-bebek-vitrini
266,HBCV00004CJ0N0,Baby Me,Baby Me Külot Bez Junior 5 Numara 11-18 kg – 50 Adet,335.99,335.99,ebebek,4.1,107,https://www.hepsiburada.com/baby-me-kulot-bez-junior-5-numara-50-adet-pm-HBC00004CJ0MZ,anne-bebek-vitrini
267,HBCV00000LUPOU,Prima,Prima Külot Bez 7 Beden 52 x 2 104 Adet,2099.9,2099.9,Vagon Express,4.7,38,https://www.hepsiburada.com/prima-kulot-bez-7-beden-52-x-2-104-adet-pm-HBC00000LUPOT,anne-bebek-vitrini
268,HBCV00005BRCEP,Pure Baby,Pure Baby Organik Pamuklu Cırtlı Bez 3'lü Paket 4 Numara Maxi 156 Adet,855,855,PureBaby,4.6,384,https://www.hepsiburada.com/pure-baby-organik-pamuklu-cirtli-bez-3-lu-paket-4-numara-maxi-156-adet-p-HBCV00005BRCEP,anne-bebek-vitrini
269,HBV000003G4DV,Prima,Prima Aktif Bebek Bebek Bezi Ekonomik Paket 6 Numara 40 Adet Bez,818,818,Şehzade Online,4.9,16803,https://www.hepsiburada.com/prima-aktif-bebek-bebek-bezi-ekonomik-paket-6-numara-40-adet-bez-p-HBV000003G4DV,anne-bebek-vitrini
270,HBCV0000ED4CEX,Sleepy,Sleepy Bio Natural Premium Plus Airbag Comfort Mega Paket Külot Bez 4 Numara Maxi 156 Adet,1127,1127,Sleepy,4.6,12,https://www.hepsiburada.com/sleepy-bio-natural-premium-plus-airbag-comfort-mega-paket-kulot-bez-4-numara-maxi-156-adet-p-HBCV0000ED4CEX,anne-bebek-vitrini
271,HBCV00004PEYSO,Molfix,Molfix Bebek Bezi 5+ Beden Jr Plus Avantajlı Paket 132 Adet,1385,1385,İLOVYA,4.5,429,https://www.hepsiburada.com/molfix-bebek-bezi-5-beden-jr-plus-avantajli-paket-132-adet-pm-HBC00004PEYSN,anne-bebek-vitrini
272,HBV00000X75BH,Prima,Prima Premium Care Bebek Bezi 1 Beden Yenidoğan 2-5 Kg (3*70) 210  2-5 Kg,1899,1899,Vagon Express,5,45,https://www.hepsiburada.com/prima-premium-care-bebek-bezi-1-beden-yenidogan-2-5-kg-3-70-210-2-5-kg-pm-HB00000X75BG,anne-bebek-vitrini
273,HBCV00008RSNQ9,Dolfy,Dolfy Bebek Bezi 5 Beden Ekonomik Fırsat Paketi 160 Adet 11- 18 kg (80X2 Paket),729,729,YENIGUN,5,1,https://www.hepsiburada.com/dolfy-bebek-bezi-5-beden-ekonomik-firsat-paketi-160-adet-11-18-kg-80x2-paket-pm-HBC00008RSNQ8,anne-bebek-vitrini
274,HBCV00002K59FC,Pure Baby,Pure Baby Organik Bambu Özlü Külot Bez Tekli Paket 6 Numara Xlarge 32 Adet,381,381,PureBaby,4.4,2790,https://www.hepsiburada.com/pure-baby-organik-bambu-ozlu-kulot-bez-tekli-paket-6-numara-xlarge-32-adet-p-HBCV00002K59FC,anne-bebek-vitrini
275,HBCV0000FBXJG9,Sleepy,Sleepy Bio Natural Airbag 2 Beden 48 Adet,277.19,369.59,ebebek,0,0,https://www.hepsiburada.com/sleepy-bio-natural-airbag-2-beden-48-adet-pm-HBC0000FBXJG4,anne-bebek-vitrini
276,HBCV00006M2O6H,Prima,Prima Premium Care Bebek Külot Bezi 6 Beden 28X3 84 Adet,1967.85,1967.85,GÜLSE TEKNOLOJİ,5,2,https://www.hepsiburada.com/prima-premium-care-bebek-kulot-bezi-6-beden-28x3-84-adet-pm-HBC00006M2O6G,anne-bebek-vitrini
277,HBCV00002K59FQ,Pure Baby,Pure Baby Organik Pamuklu Cırtlı Bez 3'lü Paket 3 Numara Midi 168 Adet,845,845,PureBaby,4.5,72,https://www.hepsiburada.com/pure-baby-organik-pamuklu-cirtli-bez-3-lu-paket-3-numara-midi-168-adet-pm-HBC00002K59FP,anne-bebek-vitrini
278,HBCV00004KJCGS,Molfix,Molfix Bebek Bezi 5+ Beden Junior Plus Aylık Fırsat Paketi 88 Adet,945,945,İLOVYA,4.5,31,https://www.hepsiburada.com/molfix-bebek-bezi-5-beden-junior-plus-aylik-firsat-paketi-88-adet-p-HBCV00004KJCGS,anne-bebek-vitrini
279,HBCV0000DBJQKI,Baby Turco,Baby Turco Doğadan Bebek Bezi Ultra Avantaj Paketi Large 6 Numara 124 Adet,799.9,799.9,Online Market,4.3,4,https://www.hepsiburada.com/baby-turco-dogadan-bebek-bezi-ultra-avantaj-paketi-large-6-numara-124-adet-pm-HBC0000DBJQKH,anne-bebek-vitrini
280,HBV000018DFQ6,Sleepy,Sleepy Gece Külotu Lavanta Yağlı 6 Numara Xlarge 100'lü,986,986,Sleepy,4.6,1446,https://www.hepsiburada.com/sleepy-gece-kulotu-lavanta-yagli-6-numara-xlarge-100-lu-p-HBV000018DFQ6,anne-bebek-vitrini
281,HBCV00003YRIH1,Sleepy,Sleepy Natural Ultra Paket Külot Bez 5 Numara Junior 160 Adet,1099.9,1099.9,Online Market,4.4,103,https://www.hepsiburada.com/sleepy-natural-ultra-paket-kulot-bez-5-numara-junior-160-adet-p-HBCV00003YRIH1,anne-bebek-vitrini
282,ZYHAYAT5016962,Molfix,Molfix Bantlı Bebek Bezi 5 Beden 11-18 kg 48li Fırsat Paketi Sızıntıları Önlemeye Yardımcı,349.43,393.11,ebebek,4.6,1987,https://www.hepsiburada.com/molfix-bantli-bebek-bezi-5-beden-11-18-kg-48li-firsat-paketi-sizintilari-onlemeye-yardimci-p-ZYHAYAT5016962,anne-bebek-vitrini
283,HBCV00000YMGEA,Molfix,Molfix Bantlı Bez 6 Beden 15+ kg Kilo Aralığı Ultra Fırsat Paketi 108 Adet Pure&Soft,1750,1750,ANKA KUŞU GROSS,4.8,278,https://www.hepsiburada.com/molfix-pure-soft-6-beden-e-large-ultra-firsat-paketi-108-adet-pm-HBC00000YMGE9,anne-bebek-vitrini
284,HBCV0000AAQ6KE,Paddlers,Paddlers Bebek Bezi 8 Numara  XXX-Large (25+Kg) 56 Adet  2'li Jumbo Set - Yüksek Emicilik,803.95,803.95,Paddlers,4.6,16,https://www.hepsiburada.com/paddlers-bebek-bezi-8-numara-xxx-large-56-adet-25-kg-2-li-jumbo-set-pm-HBC0000AAQ6KD,anne-bebek-vitrini
285,HBCV00008QXD9E,Paddlers,Paddlers Bebek Bezi 7 Numara XX-Large (20-30 Kg) 128 Adet – Ekstra Jumbo Set - Yüksek Emicilik,1365.95,1365.95,Paddlers,4.9,10,https://www.hepsiburada.com/paddlers-bebek-bezi-7-numara-xx-large-128-adet-20-30-kg-ekstra-jumbo-set-pm-HBC00008QXD9D,anne-bebek-vitrini
286,HBCV0000E6VTGL,Sleepy,Sleepy Bio Natural Premium Plus Airbag Comfort Mega Paket Bebek Bezi 3 Numara Midi 168 Adet,1127,1127,Sleepy,4.3,29,https://www.hepsiburada.com/sleepy-bio-natural-premium-plus-airbag-comfort-mega-paket-bebek-bezi-3-numara-midi-168-adet-p-HBCV0000E6VTGL,anne-bebek-vitrini
287,HBCV0000BA2ZE3,Pofy,Pofy Midi 3 Numara Bebek Bezi 100AD,358.39,358.39,ebebek,4.2,9,https://www.hepsiburada.com/pofy-midi-3-numara-bebek-bezi-100ad-pm-HBC0000BA2ZE2,anne-bebek-vitrini
288,HBV00000QUV4G,Prima,Prima Aktif Bebek Mega Fırsat Paketi 3 Beden 116 Adet,1079,1199,ELSAN TEKNOLOJİ,4.8,21242,https://www.hepsiburada.com/prima-aktif-bebek-mega-firsat-paketi-3-beden-116-adet-p-HBV00000QUV4G,anne-bebek-vitrini
289,HBCV00006AN7V0,Bebem Natural,Bebem Natural Ultra Fırsat Paketi 5 Beden Junior 80 Adet Bebek Bezi,590,590,MAKRO TOPTAN,4.6,179,https://www.hepsiburada.com/bebem-natural-ultra-firsat-paketi-5-beden-junior-80-adet-bebek-bezi-pm-HBC00006AN7UZ,anne-bebek-vitrini
290,HBV0000140AXC,Sleepy,Sleepy Külot Bebek Bezi Gece Lavanta Yağlı 4 Beden Maxi 7-16 kg 30'lu,335,335,Sleepy,4.4,177,https://www.hepsiburada.com/sleepy-kulot-bebek-bezi-gece-lavanta-yagli-4-beden-maxi-7-16-kg-30-lu-pm-HB0000140AXB,anne-bebek-vitrini
291,HBCV0000FBXEU5,Sleepy,Sleepy Bio Natural Airbag 6 Beden 32 Ad,277.19,369.59,ebebek,5,1,https://www.hepsiburada.com/sleepy-bio-natural-airbag-6-beden-32-ad-pm-HBC0000FBXEU2,anne-bebek-vitrini
292,HBCV0000A2PLGB,Pure Baby,Pure baby Organik Pamuklu 4 Numara Maxi 200'lü Bantlı Bebek Bezi Ekstra Yumuşak,849.9,849.9,Online Market,4.7,3,https://www.hepsiburada.com/organik-pamuklu-4-numara-maxi-200-lu-bebek-bezi-pm-HBC0000A2PLGA,anne-bebek-vitrini
293,HBCV000016QRPR,Sleepy,Sleepy Bio Natural Süper Paket 4 Numara Maxi Bebek Bezi 7 - 14 kg 96 Adet Bantlı Bez,549.9,549.9,Online Market,4.6,2491,https://www.hepsiburada.com/sleepy-bio-natural-super-paket-bebek-bezi-1-numara-yenidogan-128-adet-pm-HBC000016QRPK,anne-bebek-vitrini
294,HBCV0000FHF8RO,Molfix,Molfix Kanal Teknolojisi Hiper Fırsat Paketi 3 Beden Midi 224 Adet,1165.99,1165.99,Hayat,5,10,https://www.hepsiburada.com/molfix-kanal-teknolojisi-hiper-firsat-paketi-3-beden-midi-224-adet-pm-HBC0000FHF8RN,anne-bebek-vitrini
295,HBCV0000FBXETW,Sleepy,Sleepy Bio Natural Airbag 5 Beden 40 Adet,277.19,369.59,ebebek,5,1,https://www.hepsiburada.com/sleepy-bio-natural-airbag-5-beden-40-adet-pm-HBC0000FBXETS,anne-bebek-vitrini
296,HBCV00004OVPVD,Molfix,Molfix Bebek Bezi 4 Beden Maxi Avantajlı Paket 186 Adet,949.9,949.9,Online Market,4.6,192,https://www.hepsiburada.com/molfix-bebek-bezi-4-beden-maxi-avantajli-paket-186-adet-pm-HBC00004OVPVC,anne-bebek-vitrini
297,HBCV00007HWLDU,Huggies,Huggies Drynites Erkek Emici Gece Külodu 13+ Yaş 48-60 kg 9lu x 3 Adet,899,899,3E MARKET,4.3,7,https://www.hepsiburada.com/huggies-drynites-erkek-emici-gece-kulodu-13-yas-48-60-kg-9lu-x-3-adet-pm-HBC00007HWLDT,anne-bebek-vitrini
298,HBCV000077APP6,Molfix,Molfix Külot Bebek Bezi Beden:7 (19+kg) xx Large 108 Adet Avantaj Fırsat Pk,1414,2503.89,MANDAŞ GROUP,4.8,27,https://www.hepsiburada.com/molfix-kulot-bebek-bezi-beden-7-19-kg-xx-large-108-adet-avantaj-firsat-pk-pm-HBC000077APP5,anne-bebek-vitrini
299,HBCV0000AIYPJT,Paddlers,Paddlers Külot Bebek Bezi 6 Numara (15+Kg)  X-Large 100 Adet  Ekstra Aylık Paket - Sızdırmaz,936.95,936.95,Paddlers,4.2,5,https://www.hepsiburada.com/paddlers-kulot-bebek-bezi-6-numara-x-large-100-adet-15-kg-ekstra-aylik-paket-pm-HBC0000AIYPJS,anne-bebek-vitrini
300,HBV00000QUV47,Prima,Prima Bebek Bezi Aktif Bebek 2 Beden 72 Adet Fırsat Paketi,967.36,967.36,Kalafatlar,4.9,16803,https://www.hepsiburada.com/prima-bebek-bezi-aktif-bebek-2-beden-72-adet-firsat-paketi-p-HBV00000QUV47,anne-bebek-vitrini
