date,sku,brand,title,price,winner_merchant,sellers_count,rating,review_count,question_count,minimum_price_30d,url
2026-09-14,HBCV00008I3HVZ,Lufian,Lufian Pıers Erkek Deri Sneaker Ayakkabı Siyah,999.99,LUFIAN,1,4.5,77,77,799.99,https://www.hepsiburada.com/lufian-piers-erkek-deri-sneaker-ayakkabi-siyah-p-HBCV00008I3HVZ
2026-09-14,HBCV00007XOIZB,U.S. Polo Assn.,U.S. Polo Assn. Franco 5fx Beyaz Erkek Sneaker Ayakkabı,699,Macilya,3,4.1,57,57,749,https://www.hepsiburada.com/u-s-polo-assn-franco-5fx-beyaz-erkek-sneaker-ayakkabi-p-HBCV00007XOIZB
2026-09-14,HBCV000016OT9Y,U.S. Polo Assn.,U.S. Polo Assn. Kares 2fx Siyah Erkek Sneaker,750,A Ticaret,8,4.2,860,860,795,https://www.hepsiburada.com/u-s-polo-assn-kares-2fx-siyah-erkek-sneaker-p-HBCV000016OT9Y
2026-09-14,HBCV000015EXWV,U.S. Polo Assn.,U.S. Polo Assn. Kares 2fx Gri Erkek Sneaker,999,5n spor,3,4.2,860,860,806.65,https://www.hepsiburada.com/u-s-polo-assn-kares-2fx-gri-erkek-sneaker-p-HBCV000015EXWV
2026-09-14,HBCV0000187YH6,U.S. Polo Assn.,U.S. Polo Assn. Kares 2fx Lacivert Erkek Sneaker,750,Macilya,3,4.2,860,860,775,https://www.hepsiburada.com/u-s-polo-assn-kares-2fx-lacivert-erkek-sneaker-p-HBCV0000187YH6
2026-09-14,HBCV000016OTA0,U.S. Polo Assn.,U.S. Polo Assn. Kares 2fx Beyaz Erkek Sneaker,899,5n spor,4,4.2,860,860,703,https://www.hepsiburada.com/u-s-polo-assn-kares-2fx-beyaz-erkek-sneaker-p-HBCV000016OTA0
2026-09-14,HBCV0000C7LM35,U.S. Polo Assn.,U.s. Polo Assn. Franco 2fx Beyaz Erkek Sneaker,665,5n spor,4,4.1,448,448,675,https://www.hepsiburada.com/u-s-polo-assn-franco-2fx-beyaz-erkek-sneaker-p-HBCV0000C7LM35
2026-09-14,HBCV00001RN8I9,U.S. Polo Assn.,U.S. Polo Assn. Franco 2fx Lacivert Erkek Sneaker,870,5n spor,2,4.1,448,448,740,https://www.hepsiburada.com/u-s-polo-assn-franco-2fx-lacivert-erkek-sneaker-p-HBCV00001RN8I9
2026-09-14,HBCV00004DD3UZ,Hammer Jack,Hammer Jack Polına 101 23380-M Beyaz Erkek Spor Ayakkabı,1999.9,Babalı_Ayakkabı,5,4.5,2,2,1699.91,https://www.hepsiburada.com/hammer-jack-polina-101-23380-m-beyaz-erkek-spor-ayakkabi-p-HBCV00004DD3UZ
2026-09-14,HBCV00001DZ3CO,U.S. Polo Assn.,U.S. Polo Assn. Franco Sneaker Ayakkabı CKR00104 - 7/8,750,A Ticaret,3,4.9,14,14,675.75,https://www.hepsiburada.com/u-s-polo-assn-franco-sneaker-ayakkabi-ckr00104-7-8-p-HBCV00001DZ3CO
2026-09-14,HBCV00001DZ3CE,U.S. Polo Assn.,U.S. Polo Assn. Franco Sneaker Ayakkabı CKR00104 - 7/8,890,5n spor,2,4.9,14,14,745,https://www.hepsiburada.com/u-s-polo-assn-franco-sneaker-ayakkabi-ckr00104-7-8-p-HBCV00001DZ3CE
2026-09-14,HBCV0000E6W561,Mayback,Mayback Erkek Günlük Ortopedik Sneaker Ayakkabı,975,VOLNİX,2,4.1,107,107,849.99,https://www.hepsiburada.com/mayback-erkek-gunluk-ortopedik-sneaker-ayakkabi-p-HBCV0000E6W561
2026-09-14,HBCV0000E6V879,Mayback,Mayback Erkek Ortopedik Sneaker Ayakkabı Lacivert - Altın Renkli Düz Tabanlı Konforlu Tasarım,989,Mayback,1,4.1,107,107,819.99,https://www.hepsiburada.com/mayback-erkek-ortopedik-sneaker-ayakkabi-lacivert-altin-renkli-duz-tabanli-konforlu-tasarim-p-HBCV0000E6V879
2026-09-14,HBCV0000E6VIA6,Mayback,Mayback Erkek Ortopedik Sneaker Ayakkabı Beyaz - Siyah Düz Tabanlı Konforlu Tasarım,975,VOLNİX,2,4.1,107,107,849.99,https://www.hepsiburada.com/mayback-erkek-ortopedik-sneaker-ayakkabi-beyaz-siyah-duz-tabanli-konforlu-tasarim-p-HBCV0000E6VIA6
2026-09-14,HBCV0000E6V874,Mayback,Mayback Erkek Ortopedik Sneaker Ayakkabı Beyaz Renk Düz Tabanlı Konforlu Tasarım,989,Mayback,1,4.1,107,107,1035.8,https://www.hepsiburada.com/mayback-erkek-ortopedik-sneaker-ayakkabi-beyaz-renk-duz-tabanli-konforlu-tasarim-p-HBCV0000E6V874
2026-09-14,HBCV0000E6VIZM,Mayback,Mayback Siyah - Beyaz Erkek Ortopedik Sneaker Ayakkabı Düz Tabanlı Nefes Alabilen Malzeme,949.99,VOLNİX,1,4.1,107,107,819,https://www.hepsiburada.com/mayback-siyah-beyaz-erkek-ortopedik-sneaker-ayakkabi-duz-tabanli-nefes-alabilen-malzeme-p-HBCV0000E6VIZM
2026-09-14,HBCV00004O8D7S,U.S. Polo Assn.,U.S. Polo Assn. Lee Erkek Beyaz Sneaker,899,5n spor,4,4.5,71,71,798,https://www.hepsiburada.com/u-s-polo-assn-lee-erkek-beyaz-sneaker-p-HBCV00004O8D7S
2026-09-14,HBCV00005NUQ4H,Lumberjack,Lumberjack Erkek Deri Spor Ayakkabı Düz Taban Bağcıklı Günlük Kullanıma Uygun Rahat Tasarım,930,Lommax,4,4.1,211,211,790.5,https://www.hepsiburada.com/lumberjack-erkek-deri-spor-ayakkabi-duz-taban-bagcikli-gunluk-kullanima-uygun-rahat-tasarim-p-HBCV00005NUQ4H
2026-09-14,HBCV00006JZPR9,Silver,Silver Fırçalı Köpük Spor Ayakkabı Bakım Temizleme 150 ml Güçlendirilmiş Formül Tüm Renkler İçin,269.9,ayakkabimalzemecim,1,4.6,253,253,229.41,https://www.hepsiburada.com/silver-fircali-spor-ayakkabi-bakim-temizleme-kopugu-guclendirilmis-formul-150-ml-pm-HBC00006JZPR8
2026-09-14,HBCV00006QBCX0,E Sport,E Sport CAMEL  Balon Tabanlı Triko Ayakkabı – Air Memory Foam Ortopedik Sneaker,2499.99,E SPORT ONLİNE,1,4.6,105,105,1070.99,https://www.hepsiburada.com/e-sport-camel-balon-tabanli-triko-ayakkabi-air-memory-foam-ortopedik-sneaker-p-HBCV00006QBCX0
2026-09-14,HBCV00006QBE9D,E Sport,E Sport ERKEK BALON TABAN TRİKO SNEAKER  ORTOPEDİ AYAKKABI,2499.99,E SPORT ONLİNE,1,4.6,105,105,1070.99,https://www.hepsiburada.com/e-sport-erkek-balon-taban-triko-sneaker-ortopedi-ayakkabi-p-HBCV00006QBE9D
2026-09-14,HBCV00006Q9W3Q,E Sport,E Sport ERKEK BALON TABAN TRİKO SNEAKER  ORTOPEDİ AYAKKABI,2499.99,E SPORT ONLİNE,1,4.6,105,105,1070.99,https://www.hepsiburada.com/e-sport-erkek-balon-taban-triko-sneaker-ortopedi-ayakkabi-p-HBCV00006Q9W3Q
2026-09-14,HBCV000053VP1P,U.S. Polo Assn.,U.S. Polo Assn. 101265963 Franco Kadın Spor Ayakkabı,734,5n spor,4,4.5,70,70,740,https://www.hepsiburada.com/u-s-polo-assn-101265963-franco-kadin-spor-ayakkabi-p-HBCV000053VP1P
2026-09-14,HBCV000053VP1M,U.S. Polo Assn.,U.S. Polo Assn. 101265963 Kadın Franco Spor Ayakkabı Beyaz - Lacivert Poliüretan Taban Düz Topuk,850,5n spor,3,4.5,70,70,638,https://www.hepsiburada.com/u-s-polo-assn-101265963-kadin-franco-spor-ayakkabi-beyaz-lacivert-poliuretan-taban-duz-topuk-p-HBCV000053VP1M
2026-09-14,HBCV0000CCCLO2,DeFacto,DeFacto Kadın Pamuklu 3'lü Sneaker Çorap K5974AZNS,149.99,DeFacto,1,4.6,206,206,89.99,https://www.hepsiburada.com/defacto-kadin-pamuklu-3-lu-sneaker-corap-k5974azns-p-HBCV0000CCCLO2
2026-09-14,HBCV0000CCCMHF,DeFacto,DeFacto Kadın Pamuklu 3'lü Sneaker Çorap K5974AZNS,149.99,DeFacto,2,4.6,206,206,89.99,https://www.hepsiburada.com/defacto-kadin-pamuklu-3-lu-sneaker-corap-k5974azns-p-HBCV0000CCCMHF
2026-09-14,HBCV00009PTQP6,Lumberjack,Lumberjack A102012650 5W Finster 5PR Erkek Klasik Sneaker Beyaz,1290,Lommax,11,4,48,48,873,https://www.hepsiburada.com/lumberjack-5w-finster-5pr-beyaz-erkek-sneaker-a102012650-pm-HBC00009PTO37
2026-09-14,HBCV0000GMR0I2,DeFacto,DeFacto Kadın Görünmez 3'lü Pamuklu Sneaker Çorap Z8628AZNS,199.99,DeFacto,1,4.7,110,110,99.99,https://www.hepsiburada.com/defacto-kadin-gorunmez-3-lu-pamuklu-sneaker-corap-z8628azns-p-HBCV0000GMR0I2
2026-09-14,HBCV0000GMR3KE,DeFacto,DeFacto Kadın Görünmez 3'lü Pamuklu Sneaker Çorap Z8628AZNS,199.99,DeFacto,1,4.7,110,110,99.99,https://www.hepsiburada.com/defacto-kadin-gorunmez-3-lu-pamuklu-sneaker-corap-z8628azns-p-HBCV0000GMR3KE
2026-09-14,HBCV0000480QAK,DeFacto,DeFacto Kadın Görünmez 3'lü Pamuklu Sneaker Çorap Z8628AZNS,199.99,DeFacto,2,4.7,110,110,179.99,https://www.hepsiburada.com/defacto-kadin-gorunmez-3-lu-pamuklu-sneaker-corap-z8628azns-p-HBCV0000480QAK
2026-09-14,HBCV00004COB1F,U.S. Polo Assn.,U.S. Polo Assn. Erkek Çocuk Lacivert Spor Ayakkabı 50266949-VR033,2099.95,U.S. Polo Assn.,1,4.6,29,29,755.98,https://www.hepsiburada.com/u-s-polo-assn-erkek-cocuk-lacivert-spor-ayakkabi-50266949-vr033-p-HBCV00004COB1F
2026-09-14,HBCV00004CO2XN,U.S. Polo Assn.,U.S. Polo Assn. Erkek Çocuk Lacivert Spor Ayakkabı 50266949-VR033,2099.95,U.S. Polo Assn.,1,4.6,29,29,755.98,https://www.hepsiburada.com/u-s-polo-assn-erkek-cocuk-lacivert-spor-ayakkabi-50266949-vr033-p-HBCV00004CO2XN
2026-09-14,HBCV0000187YFU,U.S. Polo Assn.,U.S. Polo Assn. Kares 2fx Gri Erkek Sneaker,999,5n spor,2,4.2,860,860,820,https://www.hepsiburada.com/u-s-polo-assn-kares-2fx-gri-erkek-sneaker-p-HBCV0000187YFU
2026-09-14,HBCV0000E13WG4,U.S. Polo Assn.,U.S. Polo Assn. Kadın Krem Spor Ayakkabı 50323143-VR071,4299.95,U.S. Polo Assn.,1,3.9,7,7,1547.98,https://www.hepsiburada.com/u-s-polo-assn-kadin-krem-spor-ayakkabi-50323143-vr071-p-HBCV0000E13WG4
2026-09-14,HBCV00007VOHT4,U.S. Polo Assn.,U.s. Polo Assn. Surı 5fx Beyaz Kadın Sneaker,799,Macilya,6,4,136,136,810,https://www.hepsiburada.com/u-s-polo-assn-suri-5fx-beyaz-kadin-sneaker-p-HBCV00007VOHT4
2026-09-14,HBCV000029DKJY,U.S. Polo Assn.,U.S. Polo Assn. Exxy 2fx Kadın Sneaker,925,magazaserisonu,5,4.6,52,52,949.99,https://www.hepsiburada.com/u-s-polo-assn-exxy-2fx-kadin-sneaker-p-HBCV000029DKJY
2026-09-14,HBCV00008YV94Y,Lufian,Lufian Anton Erkek Sneaker Ayakkabı Siyah Düz Taban %100 Dana Deri ile Rahat Kullanım,1975,BEYAZ SPOR,10,4.2,172,172,1784.15,https://www.hepsiburada.com/lufian-anton-erkek-sneaker-ayakkabi-siyah-duz-taban-100-dana-deri-ile-rahat-kullanim-p-HBCV00008YV94Y
2026-09-14,HBCV0000937X7W,Lufian,Lufian Anton Erkek Sneaker Ayakkabı Lacivert,1799.99,Kocamanlar ayakkabı,2,4.2,172,172,1529.99,https://www.hepsiburada.com/lufian-anton-erkek-sneaker-ayakkabi-lacivert-p-HBCV0000937X7W
2026-09-14,HBCV0000937XSB,Lufian,Lufian Anton Erkek Sneaker Ayakkabı Siyah,1799.99,Kocamanlar ayakkabı,4,4.2,172,172,1529.99,https://www.hepsiburada.com/lufian-anton-erkek-sneaker-ayakkabi-siyah-p-HBCV0000937XSB
2026-09-14,HBCV0000HBAV04,Lufian,Lufian 111230254 Anton Sneaker Erkek Deri Ayakkabı,1799.99,,0,4.2,172,172,,https://www.hepsiburada.com/lufian-111230254-anton-sneaker-erkek-deri-ayakkabi-p-HBCV0000HBAV04
2026-09-14,HBCV000036HWKH,U.S. Polo Assn.,U.S. Polo Assn. Kadın Günlük Ayakkabı Beyaz Suni Deri Düz Taban 39 Numaralı Rahat Sneaker,945,Macilya,5,4.4,25,25,945,https://www.hepsiburada.com/u-s-polo-assn-kadin-gunluk-ayakkabi-beyaz-suni-deri-duz-taban-39-numarali-rahat-sneaker-p-HBCV000036HWKH
2026-09-14,HBCV0000AJFTNM,Lumberjack,Lumberjack Fınster 2fx Beyaz Erkek Sneaker,939,Lommax,7,4.4,232,232,798.15,https://www.hepsiburada.com/lumberjack-finster-2fx-beyaz-erkek-sneaker-p-HBCV0000AJFTNM
2026-09-14,HBCV000020WWKV,Lumberjack,Lumberjack Fınster 2fx  Erkek Sneaker,1299,5n spor,6,4.4,232,232,1089,https://www.hepsiburada.com/lumberjack-finster-2fx-erkek-sneaker-p-HBCV000020WWKV
2026-09-14,HBCV0000DNFIFO,Lumberjack,Lumberjack Fınster 2fx Beyaz Erkek Sneaker,915,Lommax,2,4.4,232,232,777.75,https://www.hepsiburada.com/lumberjack-finster-2fx-beyaz-erkek-sneaker-p-HBCV0000DNFIFO
2026-09-14,HBCV00003JNVSL,Sitil,Sitil 75ML Likit Beyaz Spor Ayakkabı Boyası Tehlikeli Değil Özelliği ile Beyaz Renk Yenileyici,136.8,NEYSLIFE,6,4.8,39,39,124.2,https://www.hepsiburada.com/sitil-likit-beyaz-spor-ayakkabi-boyasi-75ml-pm-HBC00003JNVSK
2026-09-14,HBCV00008ZESHE,Lufian,Lufian Anton Erkek Sneaker Ayakkabı Beyaz,1462,Kocamanlar ayakkabı,7,4.6,39,39,1529.99,https://www.hepsiburada.com/lufian-anton-erkek-sneaker-ayakkabi-beyaz-p-HBCV00008ZESHE
2026-09-14,HBCV000097XSPX,Lufian,Lufian Anton Erkek Sneaker Ayakkabı Saks,2299.99,LUFIAN,1,4.6,39,39,1599.99,https://www.hepsiburada.com/lufian-anton-erkek-sneaker-ayakkabi-saks-p-HBCV000097XSPX
2026-09-14,HBCV00001WBEO6,Arriva,Arriva Bağsız Lastikli Hafif Erkek Günlük Spor Ayakkabı,765,Letao,1,4.2,3057,3057,849.91,https://www.hepsiburada.com/arriva-bagsiz-lastikli-hafif-erkek-gunluk-spor-ayakkabi-p-HBCV00001WBEO6
2026-09-14,HBCV00001WB6XT,Arriva,Arriva Bağsız Lastikli Hafif Erkek Günlük Spor Ayakkabı,700,Letao,1,4.2,3057,3057,849.91,https://www.hepsiburada.com/arriva-bagsiz-lastikli-hafif-erkek-gunluk-spor-ayakkabi-p-HBCV00001WB6XT
2026-09-14,HBCV000066RR7T,Tonny Black,Tonny Black Unisex Siyah Beyaz Nefes Alabilen Kumaş Poli Taban Bağcıklı Spor Ayakkabı Düz Taban,683.47,tonny_black,1,4.5,664,664,443.67,https://www.hepsiburada.com/tonny-black-unisex-siyah-beyaz-nefes-alabilen-kumas-poli-taban-bagcikli-spor-ayakkabi-duz-taban-p-HBCV000066RR7T
2026-09-14,HBCV0000689FER,Tonny Black,Tonny Black  Siyah Bağcıklı Spor Ayakkabı Nefes Alabilen Kumaş ve Poli Taban ile Konfor,683.47,tonny_black,1,4.5,664,664,487.17,https://www.hepsiburada.com/tonny-black-siyah-bagcikli-spor-ayakkabi-nefes-alabilen-kumas-ve-poli-taban-ile-konfor-p-HBCV0000689FER
2026-09-14,HBCV00006DUJCV,Tonny Black,Tonny Black Füme Nefes Alabilen Kumaş Poli Taban Bağcıklı Spor Ayakkabı Düz Taban,683.47,tonny_black,1,4.5,664,664,532.5,https://www.hepsiburada.com/tonny-black-fume-nefes-alabilen-kumas-poli-taban-bagcikli-spor-ayakkabi-duz-taban-p-HBCV00006DUJCV
2026-09-14,HBCV000066RQ18,Tonny Black,Tonny Black Unisex Gri Yeşil Nefes Alabilen Kumaş Poli Taban Bağcıklı Spor Ayakkabı,683.47,tonny_black,1,4.5,664,664,594.32,https://www.hepsiburada.com/tonny-black-unisex-gri-yesil-nefes-alabilen-kumas-poli-taban-bagcikli-spor-ayakkabi-p-HBCV000066RQ18
2026-09-14,HBCV00006WEILV,Lumberjack,Lumberjack Fınster Wmn 4pr Beyaz Kadın Sneaker,959,Solerind&Store,8,4.3,38,38,815.15,https://www.hepsiburada.com/lumberjack-finster-wmn-4pr-beyaz-kadin-sneaker-p-HBCV00006WEILV
2026-09-14,HBCV0000187YNB,U.S. Polo Assn.,U.S. Polo Assn. Franco 2fx Beyaz Erkek Sneaker,668,5n spor,3,4.2,57,57,659,https://www.hepsiburada.com/u-s-polo-assn-franco-2fx-lacivert-erkek-sneaker-pm-HBC0000GFKKZM
2026-09-14,HBCV000069TUDC,U.S. Polo Assn.,U.S. Polo Assn. Kadın Sneaker Beyaz 101496734 Exxy 4fx,919.99,magazaserisonu,8,4.2,15,15,781.99,https://www.hepsiburada.com/u-s-polo-assn-kadin-sneaker-beyaz-101496734-exxy-4fx-pm-HBC0000GFKKZV
2026-09-14,HBCV00007YEQOD,U.S. Polo Assn.,U.S. Polo Assn. Kares 5fx Siyah Erkek Sneaker,780,Macilya,5,3.7,30,30,780,https://www.hepsiburada.com/u-s-polo-assn-kares-5fx-siyah-erkek-sneaker-p-HBCV00007YEQOD
2026-09-14,HBCV00007YWSTM,U.S. Polo Assn.,U.S. Polo Assn. KARES 5FX Gri Erkek Sneaker,1099.99,magazaserisonu,1,3.7,30,30,849.99,https://www.hepsiburada.com/u-s-polo-assn-kares-5fx-gri-erkek-sneaker-p-HBCV00007YWSTM
2026-09-14,HBCV00007NOZS2,U.S. Polo Assn.,U.S. Polo Assn. Kares 5fx Lacivert Erkek Sneaker,890,Macilya,5,3.7,30,30,1040,https://www.hepsiburada.com/u-s-polo-assn-kares-5fx-lacivert-erkek-sneaker-p-HBCV00007NOZS2
2026-09-14,HBCV000081J0NK,U.S. Polo Assn.,U.s. Polo Assn. Kares 5fx Beyaz Erkek Sneaker A101932518,960,5n spor,6,3.7,30,30,820,https://www.hepsiburada.com/u-s-polo-assn-kares-5fx-beyaz-erkek-sneaker-a101932518-p-HBCV000081J0NK
2026-09-14,HBCV00002SBAE7,U.S. Polo Assn.,U.S. Polo Assn. Surı Beyaz Kadın Sneaker Kalın Taban Ayakkabı,840,Macilya,7,4,129,129,815,https://www.hepsiburada.com/u-s-polo-assn-suri-beyaz-kadin-sneaker-kalin-taban-ayakkabi-p-HBCV00002SBAE7
2026-09-14,HBV00000DBZHN,Lumberjack,Lumberjack Fınster Siyah Erkek Sneaker Ayakkabı Suni Deri Düz Taban ile Rahat Kullanım,2099.9,DOÇKA AYAKKABI,1,4.4,196,196,1322.94,https://www.hepsiburada.com/lumberjack-finster-siyah-erkek-sneaker-ayakkabi-suni-deri-duz-taban-ile-rahat-kullanim-p-HBV00000DBZHN
2026-09-14,HBCV0000AJCSP7,Lumberjack,Lumberjack Finster Beyaz Erkek Sneaker,925,Lommax,3,4.4,196,196,786.25,https://www.hepsiburada.com/lumberjack-finster-beyaz-erkek-sneaker-p-HBCV0000AJCSP7
2026-09-14,HBCV00008CQM08,Lufian,Lufian Tommy Erkek Sneaker Ayakkabı Siyah,1579,Solerind&Store,13,4.5,63,63,1342.15,https://www.hepsiburada.com/lufian-tommy-erkek-sneaker-ayakkabi-siyah-p-HBCV00008CQM08
2026-09-14,HBCV00008CQLPK,Lufian,Lufian Tommy Erkek Spor Ayakkabı Siyah Düz Taban  Şık ve Rahat,1950,PAW SHOES,9,4.5,63,63,1404,https://www.hepsiburada.com/lufian-tommy-erkek-spor-ayakkabi-siyah-duz-taban-sik-ve-rahat-p-HBCV00008CQLPK
2026-09-14,HBCV0000EDQSI0,DeFacto,DeFacto Kadın 3'lü Pamuklu Sneaker Çorap B5224AXNS,199.99,DeFacto,1,4.8,26,26,80,https://www.hepsiburada.com/defacto-kadin-3-lu-pamuklu-sneaker-corap-b5224axns-pm-HBC00004VKBQR
2026-09-14,HBCV0000AIYINX,U.S. Polo Assn.,U.S. Polo Assn. Erkek Siyah Spor Ayakkabı 50313714-VR046,5199.95,U.S. Polo Assn.,1,5,2,2,1871.98,https://www.hepsiburada.com/u-s-polo-assn-erkek-siyah-spor-ayakkabi-50313714-vr046-p-HBCV0000AIYINX
2026-09-14,HBCV0000AIYKCU,U.S. Polo Assn.,U.S. Polo Assn. Erkek Bej Spor Ayakkabı 50313714-VR011,5199.95,U.S. Polo Assn.,1,5,2,2,1871.98,https://www.hepsiburada.com/u-s-polo-assn-erkek-bej-spor-ayakkabi-50313714-vr011-p-HBCV0000AIYKCU
2026-09-14,HBCV0000AIXWP1,U.S. Polo Assn.,U.S. Polo Assn. Erkek Lacivert Spor Ayakkabı 50313714-VR033,5199.95,U.S. Polo Assn.,1,5,2,2,1871.98,https://www.hepsiburada.com/u-s-polo-assn-erkek-lacivert-spor-ayakkabi-50313714-vr033-p-HBCV0000AIXWP1
2026-09-14,HBV00000WU2LL,U.S. Polo Assn.,U.S. Polo Assn. Sneaker Kadın Ayakkabı Franco Dhm,808,5n spor,4,4.2,90,90,665,https://www.hepsiburada.com/u-s-polo-assn-sneaker-kadin-ayakkabi-franco-dhm-pm-HB00000WU2LE
2026-09-14,HBCV00000M1T71,U.S. Polo Assn.,U.S. Polo Assn. Franco Wmn 1pr 101032705 Kadın Sneaker Ayakkabı,748,5n spor,4,4.2,65,65,745,https://www.hepsiburada.com/u-s-polo-assn-franco-wmn-1pr-101032705-kadin-sneaker-ayakkabi-p-HBCV00000M1T71
2026-09-14,HBCV00007NOYYX,Lumberjack,Lumberjack Fınster Wmn 5fx Siyah Kadın Sneaker,949,A Ticaret,14,4.3,216,216,806.65,https://www.hepsiburada.com/lumberjack-finster-wmn-5fx-siyah-kadin-sneaker-p-HBCV00007NOYYX
2026-09-14,HBCV00007NOZ1B,Lumberjack,Lumberjack Fınster Wmn 5fx Beyaz Kadın Sneaker,1099,Dosa Ayakkabı,15,4.3,216,216,934.15,https://www.hepsiburada.com/lumberjack-finster-wmn-5fx-beyaz-kadin-sneaker-p-HBCV00007NOZ1B
2026-09-14,HBCV00005NUMTI,Lumberjack,Lumberjack 101011318 Finster 1fx Erkek Günlük Spor Ayakkabı Siyah - Beyaz Tekstil Düz Taban,970,Lommax,4,4.1,27,27,824.5,https://www.hepsiburada.com/lumberjack-101011318-finster-1fx-erkek-gunluk-spor-ayakkabi-siyah-beyaz-tekstil-duz-taban-p-HBCV00005NUMTI
2026-09-14,HBCV0000D5JLKZ,Camper,Erkek Sneaker K101097-002 Camper Drift Walk Black,5779.15,CAMPER TÜRKİYE,3,5,4,4,4421.05,https://www.hepsiburada.com/erkek-sneaker-k101097-002-camper-drift-walk-black-p-HBCV0000D5JLKZ
2026-09-14,HBCV0000856H1M,Tonny Black,Tonny Black Unisex Bej Poli Taban Bağcıklı Spor Ayakkabı Yüksek Taban Anorak Desenli Kadın ve Erkekler İçin,1380.78,tonny_black,1,4.2,440,440,1019.97,https://www.hepsiburada.com/tonny-black-unisex-bej-poli-taban-bagcikli-spor-ayakkabi-yuksek-taban-anorak-desenli-kadin-ve-erkekler-icin-p-HBCV0000856H1M
2026-09-14,HBCV0000856H1L,Tonny Black,Tonny Black Unisex Beyaz Poli Taban Bağcıklı Spor Ayakkabı Yüksek Taban Anorak Desenli Konforlu Tasarım,1380.78,tonny_black,1,4.2,440,440,1019.97,https://www.hepsiburada.com/tonny-black-unisex-beyaz-poli-taban-bagcikli-spor-ayakkabi-yuksek-taban-anorak-desenli-konforlu-tasarim-p-HBCV0000856H1L
2026-09-14,HBCV0000I53VQL,Tonny Black,Tonny Black Unisex Gri Bej Poli Taban Anorak Desenli Yüksek Taban Bağcıklı Spor Ayakkabı,1380.78,tonny_black,1,4.2,440,440,1200.68,https://www.hepsiburada.com/tonny-black-unisex-gri-bej-poli-taban-anorak-desenli-yuksek-taban-bagcikli-spor-ayakkabi-p-HBCV0000I53VQL
2026-09-14,HBCV0000856GV3,Tonny Black,Tonny Black Lacivert Poli Taban Yüksek Taban Spor Ayakkabı Bağcıklı Anorak Desenli,1380.78,tonny_black,1,4.2,440,440,1019.97,https://www.hepsiburada.com/tonny-black-lacivert-poli-taban-yuksek-taban-spor-ayakkabi-bagcikli-anorak-desenli-p-HBCV0000856GV3
2026-09-14,HBCV0000856GH6,Tonny Black,Tonny Black Unisex Siyah Poli Taban Anorak Desenli Yüksek Taban Bağcıklı Spor Ayakkabı,1380.78,tonny_black,1,4.2,440,440,1019.97,https://www.hepsiburada.com/tonny-black-unisex-siyah-poli-taban-anorak-desenli-yuksek-taban-bagcikli-spor-ayakkabi-p-HBCV0000856GH6
2026-09-14,HBCV0000856GXD,Tonny Black,Tonny Black Bej Poli Taban Anorak Desenli Yüksek Taban Bağcıklı Spor Ayakkabı,1380.78,tonny_black,1,4.2,440,440,1019.97,https://www.hepsiburada.com/tonny-black-bej-poli-taban-anorak-desenli-yuksek-taban-bagcikli-spor-ayakkabi-p-HBCV0000856GXD
2026-09-14,HBCV0000856H8J,Tonny Black,Tonny Black Unisex Gri Poli Taban Anorak Desenli Yüksek Taban Bağcıklı Spor Ayakkabı,1380.78,tonny_black,1,4.2,440,440,1019.97,https://www.hepsiburada.com/tonny-black-unisex-gri-poli-taban-anorak-desenli-yuksek-taban-bagcikli-spor-ayakkabi-p-HBCV0000856H8J
2026-09-14,HBCV0000IIVZ2W,Tonny Black,Tonny Black Unisex Kahve Bej Poli Taban Anorak Desenli Yüksek Taban Bağcıklı Spor Ayakkabı,1380.78,tonny_black,1,4.2,440,440,1200.68,https://www.hepsiburada.com/tonny-black-unisex-kahve-bej-poli-taban-anorak-desenli-yuksek-taban-bagcikli-spor-ayakkabi-p-HBCV0000IIVZ2W
2026-09-14,HBCV0000EKUL1O,Tonny Black,Tonny Black Erkek Füme Eva Taban Spor Ayakkabı Düz Taban Yapısı ile Rahat Kullanım,782,tonny_black,1,4.4,29,29,680,https://www.hepsiburada.com/tonny-black-erkek-fume-eva-taban-spor-ayakkabi-duz-taban-yapisi-ile-rahat-kullanim-p-HBCV0000EKUL1O
2026-09-14,HBCV0000DW1ES6,Tonny Black,Tonny Black Erkek Beyaz Eva Taban Rahat Kalıp Günlük Spor Ayakkabı,782,tonny_black,1,4.4,29,29,560.97,https://www.hepsiburada.com/tonny-black-erkek-beyaz-eva-taban-rahat-kalip-gunluk-spor-ayakkabi-p-HBCV0000DW1ES6
2026-09-14,HBCV0000EKUWV3,Tonny Black,Tonny Black Erkek Füme Eva Taban Rahat Kalıp Günlük Spor Ayakkabı,782,tonny_black,1,4.4,29,29,680,https://www.hepsiburada.com/tonny-black-erkek-fume-eva-taban-rahat-kalip-gunluk-spor-ayakkabi-p-HBCV0000EKUWV3
2026-09-14,HBCV0000DW1BYE,Tonny Black,Tonny Black Erkek Siyah Beyaz Eva Taban Rahat Kalıp Günlük Spor Ayakkabı,782,tonny_black,1,4.4,29,29,560.97,https://www.hepsiburada.com/tonny-black-erkek-siyah-beyaz-eva-taban-rahat-kalip-gunluk-spor-ayakkabi-p-HBCV0000DW1BYE
2026-09-14,HBCV0000DW1CTT,Tonny Black,Tonny Black Erkek Siyah Eva Taban Rahat Kalıp Günlük Spor Ayakkabı,782,tonny_black,1,4.4,29,29,680,https://www.hepsiburada.com/tonny-black-erkek-siyah-eva-taban-rahat-kalip-gunluk-spor-ayakkabi-p-HBCV0000DW1CTT
2026-09-14,HBCV0000E9LURB,Tonny Black,Tonny Black Erkek Bej Eva Taban Spor Ayakkabı Düz Taban ile Rahat Kullanım Sunar,782,tonny_black,1,4.4,29,29,560.97,https://www.hepsiburada.com/tonny-black-erkek-bej-eva-taban-spor-ayakkabi-duz-taban-ile-rahat-kullanim-sunar-p-HBCV0000E9LURB
2026-09-14,HBCV0000EKUFU5,Tonny Black,Tonny Black Erkek Kahve Eva Taban Rahat Kalıp Günlük Spor Ayakkabı,782,tonny_black,1,4.4,29,29,560.97,https://www.hepsiburada.com/tonny-black-erkek-kahve-eva-taban-rahat-kalip-gunluk-spor-ayakkabi-p-HBCV0000EKUFU5
2026-09-14,HBCV00000QDXY0,Vicco,Vicco Sarı Spor Ayakkabı Çocuklar İçin Poliüretan Tabanlı Mikrofiber Dış Materyal,1299.9,Vicco,1,4.4,876,876,994.42,https://www.hepsiburada.com/vicco-sari-spor-ayakkabi-cocuklar-icin-poliuretan-tabanli-mikrofiber-dis-materyal-p-HBCV00000QDXY0
2026-09-14,HBCV00000GRGP9,Vicco,Vicco Anka Bebe Günlük Ayakkabı,1299.9,Vicco,2,4.4,876,876,994.42,https://www.hepsiburada.com/vicco-anka-bebe-gunluk-ayakkabi-p-HBCV00000GRGP9
2026-09-14,HBCV00000EMFF2,Vicco,Vicco Anka Bebe Günlük Ayakkabı,1039.92,korayspor,3,4.4,876,876,883.93,https://www.hepsiburada.com/vicco-anka-bebe-gunluk-ayakkabi-p-HBCV00000EMFF2
2026-09-14,HBCV00000GRGPK,Vicco,Vicco 950.B21K.225 Kız Erkek Çocuk Ayakkabı - Sarı - 25,1200,SPORTMEN-C,3,4.4,876,876,1020,https://www.hepsiburada.com/vicco-950-b21k-225-kiz-erkek-cocuk-ayakkabi-sari-25-p-HBCV00000GRGPK
2026-09-14,HBCV00000EMFF4,Vicco,Vicco 950.B21K225 Anka Bebe Çocuk Ayakkabı,1039.92,korayspor,3,4.4,876,876,883.93,https://www.hepsiburada.com/vicco-950-b21k225-anka-bebe-cocuk-ayakkabi-p-HBCV00000EMFF4
2026-09-14,HBCV00000QDY5R,Vicco,Vicco 950.B21K.225 Anka Kız/erkek Bebe Spor Ayakkabı Sarı,1194.93,pabucline,3,4.4,876,876,871.18,https://www.hepsiburada.com/vicco-950-b21k-225-anka-kiz-erkek-bebe-spor-ayakkabi-sari-p-HBCV00000QDY5R
2026-09-14,HBCV00000M20HH,Vicco,Vicco Anka Bebe Günlük Ayakkabı,1299.99,Tıpış Tıpış,2,4.4,876,876,1104.99,https://www.hepsiburada.com/vicco-anka-bebe-gunluk-ayakkabi-p-HBCV00000M20HH
2026-09-14,HBCV00000EMFF7,Vicco,Vicco 950.B21K225 Anka Bebe Çocuk Ayakkabı,875,5n spor,3,4.4,876,876,787.5,https://www.hepsiburada.com/vicco-950-b21k225-anka-bebe-cocuk-ayakkabi-p-HBCV00000EMFF7
2026-09-14,HBCV00000GSHN9,Vicco,Vicco Anka Bebe Günlük Ayakkabı,1039.92,korayspor,1,4.4,876,876,883.93,https://www.hepsiburada.com/vicco-anka-bebe-gunluk-ayakkabi-p-HBCV00000GSHN9
2026-09-14,HBCV00003MOUKW,U.S. Polo Assn.,U.S. Polo Assn. Beyaz Erkek Sneaker Suni Deri Malzemeden Düz Tabanlı Spor Ayakkabı,890,5n spor,2,4,25,25,845,https://www.hepsiburada.com/u-s-polo-assn-lee-3fx-beyaz-erkek-sneaker-pm-HBC0000GFKKZA
2026-09-14,HBCV000069TV31,U.S. Polo Assn.,U.S. Polo Assn. Kadın Sneaker Beyaz 101496734 Exxy 4fx,979,Macilya,6,4,8,8,979,https://www.hepsiburada.com/u-s-polo-assn-kadin-sneaker-beyaz-101496734-exxy-4fx-pm-HBC0000GFKKZY
2026-09-14,HBCV00009JR5OY,Lufian,Lufian Gaban Erkek Sneaker Ayakkabı Saks,1499.99,LUFIAN,3,4.8,6,6,1199.99,https://www.hepsiburada.com/lufian-gaban-erkek-sneaker-ayakkabi-saks-p-HBCV00009JR5OY
2026-09-14,HBCV0000GNNT51,Lufian,Lufian Gage Erkek Sneaker Ayakkabı Beyaz,2099,LUFIAN,1,5,1,1,1599.99,https://www.hepsiburada.com/lufian-gage-erkek-sneaker-ayakkabi-beyaz-p-HBCV0000GNNT51
2026-09-14,HBCV0000GZEEJD,DeFacto,DeFacto Kadın 3'lü Pamuklu Sneaker Çorap B6073AXNS,199.99,DeFacto,1,4.9,8,8,99.99,https://www.hepsiburada.com/defacto-kadin-3-lu-pamuklu-sneaker-corap-b6073axns-pm-HBC00006C1I7B
2026-09-14,HBCV00002BIOYV,Flexi Care,Flexi Care 75 Ml Spor Ayakkabı Boyası Beyaz Deri Ve Kumaş İçin Güçlendirilmiş Bakım Ürünü,169.9,FREEWALK,2,4.6,658,658,152.91,https://www.hepsiburada.com/flexi-care-guclendirilmis-seri-spor-beyaz-deri-ve-kumas-ayakkabi-boyasi-75-ml-1-adet-pm-HBC00002BIOYU
2026-09-14,HBCV00005OTY11,U.S. Polo Assn.,U.S. Polo Assn. Kares 4fx Siyah Erkek Sneaker,899,5n spor,5,3.9,59,59,798,https://www.hepsiburada.com/u-s-polo-assn-kares-4fx-siyah-erkek-sneaker-p-HBCV00005OTY11
2026-09-14,HBCV00005OTY86,U.S. Polo Assn.,U.S. Polo Assn. Kares 4fx Siyah Erkek Sneaker,899,5n spor,10,3.9,59,59,798,https://www.hepsiburada.com/u-s-polo-assn-kares-4fx-siyah-erkek-sneaker-p-HBCV00005OTY86
2026-09-14,HBCV000086LH0E,Hotiç,Hotiç Erkek Süet Deri Lacivert Spor Ayakkabı,1199,Hotiç Ayakkabı,1,5,8,8,1079.1,https://www.hepsiburada.com/hotic-erkek-suet-deri-lacivert-spor-ayakkabi-p-HBCV000086LH0E
2026-09-14,HBCV00003ZC5Y4,Ispartalılar,Ispartalılar 9090 Tam Ortopedik Hafif Taban Erkek Spor Ayakkabı Yazlık Hafif Taban Eva,549,AYAKKABİBURADA,1,4.3,861,861,411.75,https://www.hepsiburada.com/ispartalilar-9090-tam-ortopedik-hafif-taban-erkek-spor-ayakkabi-yazlik-hafif-taban-eva-p-HBCV00003ZC5Y4
2026-09-14,HBCV00003ZC62A,Ispartalılar,Ispartalılar 9090 Tam Ortopedik Hafif Taban Erkek Spor Ayakkabı Yazlık Hafif Taban Eva,549,AYAKKABİBURADA,1,4.3,861,861,439.2,https://www.hepsiburada.com/ispartalilar-9090-tam-ortopedik-hafif-taban-erkek-spor-ayakkabi-yazlik-hafif-taban-eva-p-HBCV00003ZC62A
2026-09-14,HBCV0000476TYA,Ispartalılar,Ispartalılar 9090 Tam Ortopedik Hafif Taban Erkek Spor Ayakkabı Yazlık Hafif Taban Eva,549,AYAKKABİBURADA,1,4.3,861,861,439.2,https://www.hepsiburada.com/ispartalilar-9090-tam-ortopedik-hafif-taban-erkek-spor-ayakkabi-yazlik-hafif-taban-eva-p-HBCV0000476TYA
2026-09-14,HBCV00006OOOBY,Ispartalılar,Ispartalılar 9090 Tam Ortopedik Hafif Taban Erkek Spor Ayakkabı Yazlık Hafif Taban Eva,549,AYAKKABİBURADA,1,4.3,861,861,411.75,https://www.hepsiburada.com/ispartalilar-9090-tam-ortopedik-hafif-taban-erkek-spor-ayakkabi-yazlik-hafif-taban-eva-p-HBCV00006OOOBY
2026-09-14,HBCV000069TUOG,U.S. Polo Assn.,U.S. Polo Assn. Kadın Sneaker Beyaz 101496734 Exxy 4fx,1000,Lommax,5,5,2,2,864,https://www.hepsiburada.com/u-s-polo-assn-kadin-sneaker-beyaz-101496734-exxy-4fx-pm-HBC0000GFKKZW
2026-09-14,HBCV0000EKVC5T,Tonny Black,Tonny Black Erkek Füme Eva Taban Spor Ayakkabı Düz Taban ile Rahat Kullanım Sunar,782,tonny_black,1,4.4,29,29,680,https://www.hepsiburada.com/tonny-black-erkek-fume-eva-taban-spor-ayakkabi-duz-taban-ile-rahat-kullanim-sunar-p-HBCV0000EKVC5T
2026-09-14,HBCV00008E3PJ0,Lufian,Lufian Harold Erkek Sneaker Ayakkabı Beyaz,1299.99,LUFIAN,4,4.6,69,69,1039.99,https://www.hepsiburada.com/lufian-harold-erkek-sneaker-ayakkabi-beyaz-p-HBCV00008E3PJ0
2026-09-14,HBCV00008E3RQ9,Lufian,Lufian Harold Erkek Sneaker Ayakkabı Siyah,1299.99,LUFIAN,5,4.6,69,69,1039.99,https://www.hepsiburada.com/lufian-harold-erkek-sneaker-ayakkabi-siyah-p-HBCV00008E3RQ9
2026-09-14,HBCV00006OOON5,Ispartalılar,Ispartalılar 9090 Tam Ortopedik Hafif Taban Erkek Spor Ayakkabı Yazlık Hafif Taban Eva,549,AYAKKABİBURADA,1,4.3,861,861,411.75,https://www.hepsiburada.com/ispartalilar-9090-tam-ortopedik-hafif-taban-erkek-spor-ayakkabi-yazlik-hafif-taban-eva-p-HBCV00006OOON5
2026-09-14,HBCV00008YV9C1,Lufian,Lufian Anton Erkek Spor Ayakkabı Siyah Düz Taban Deri Malzeme ile Şık Tasarım,1799.99,Kocamanlar ayakkabı,8,4.2,172,172,1529.99,https://www.hepsiburada.com/lufian-anton-erkek-spor-ayakkabi-siyah-duz-taban-deri-malzeme-ile-sik-tasarim-p-HBCV00008YV9C1
2026-09-14,HBCV00008G8456,Lufian,Lufian Omar Erkek Sneaker Ayakkabı Siyah,1299.99,DGN,2,4.4,258,258,1700,https://www.hepsiburada.com/lufian-omar-erkek-sneaker-ayakkabi-siyah-p-HBCV00008G8456
2026-09-14,HBCV00008G84Q4,Lufian,Lufian Omar Erkek Sneaker Ayakkabı Beyaz,1299.99,LUFIAN,8,4.4,258,258,1039.99,https://www.hepsiburada.com/lufian-omar-erkek-sneaker-ayakkabi-beyaz-p-HBCV00008G84Q4
2026-09-14,HBCV00001R13VU,U.S. Polo Assn.,U.S. Polo Assn. Lee Wmn 2fx Beyaz Kadın Sneaker,750,A Ticaret,3,3.8,48,48,679.15,https://www.hepsiburada.com/u-s-polo-assn-lee-wmn-2fx-beyaz-kadin-sneaker-p-HBCV00001R13VU
2026-09-14,HBCV00001WLSHB,U.S. Polo Assn.,U.S. Polo Assn. Lee Wmn 2fx Siyah Kadın Sneaker,900,,0,3.8,136,,,https://www.hepsiburada.com/u-s-polo-assn-lee-wmn-2fx-siyah-kadin-sneaker-p-HBCV00001WLSHB
2026-09-14,HBCV0000AO0EHZ,DeFacto,DeFacto Erkek Pamuklu 3'lü Sneaker Çorabı K4595AZNS,149.99,DeFacto,3,4.5,1373,1373,89.99,https://www.hepsiburada.com/defacto-erkek-pamuklu-3-lu-sneaker-corabi-k4595azns-p-HBCV0000AO0EHZ
2026-09-14,HBCV0000FIXSK7,DeFacto,Defacto Erkek Pamuklu Sneaker Çorabı K4595AZNS 3'lü Paket Yumuşak ve Konforlu Malzeme Özellikleri,99.99,Hüsram,1,4.5,1373,1373,99.99,https://www.hepsiburada.com/defacto-erkek-pamuklu-sneaker-corabi-k4595azns-3-lu-paket-yumusak-ve-konforlu-malzeme-ozellikleri-p-HBCV0000FIXSK7
2026-09-14,HBCV00001EGCU5,DeFacto,DeFacto Erkek Pamuklu 3'lü Sneaker Çorabı K4595AZNS,99.99,Hüsram,1,4.5,1373,1373,99.99,https://www.hepsiburada.com/defacto-erkek-pamuklu-3-lu-sneaker-corabi-k4595azns-p-HBCV00001EGCU5
2026-09-14,HBCV0000FIXL9T,DeFacto,Defacto Erkek Pamuklu Sneaker Çorabı 3'lü Lacivert Konforlu ve Nefes Alabilir Malzeme K4595AZNS,99.99,Hüsram,1,4.5,1373,1373,99.99,https://www.hepsiburada.com/defacto-erkek-pamuklu-sneaker-corabi-3-lu-lacivert-konforlu-ve-nefes-alabilir-malzeme-k4595azns-p-HBCV0000FIXL9T
2026-09-14,HBCV0000CDAWUU,DeFacto,DeFacto Erkek Görünmez 3'lü Pamuklu Sneaker Çorap K4595AZNS,149.99,DeFacto,2,4.5,1373,1373,89.99,https://www.hepsiburada.com/defacto-erkek-gorunmez-3-lu-pamuklu-sneaker-corap-k4595azns-p-HBCV0000CDAWUU
2026-09-14,HBCV0000147WY8,DeFacto,DeFacto Erkek Görünmez 3'lü Pamuklu Sneaker Çorap K4595AZNS,129.99,Hüsram,3,4.5,1373,1373,110.49,https://www.hepsiburada.com/defacto-erkek-gorunmez-3-lu-pamuklu-sneaker-corap-k4595azns-p-HBCV0000147WY8
2026-09-14,HBCV0000GZEDT6,DeFacto,DeFacto Erkek Basic Düz Görünmez 3'lü Pamuklu Sneaker Çorap K4595AZNS,149.99,DeFacto,1,4.5,1373,1373,89.99,https://www.hepsiburada.com/defacto-erkek-basic-duz-gorunmez-3-lu-pamuklu-sneaker-corap-k4595azns-p-HBCV0000GZEDT6
2026-09-14,HBCV00002M7NXU,U.S. Polo Assn.,U.S. Polo Assn. Franco 2pr Beyaz Erkek Sneaker,748,5n spor,6,4.2,170,170,700,https://www.hepsiburada.com/u-s-polo-assn-franco-2pr-beyaz-erkek-sneaker-p-HBCV00002M7NXU
2026-09-14,HBCV00002PFLFK,U.S. Polo Assn.,U.S. Polo Assn. Franco Erkek Siyah Sneaker,840,5n spor,2,4.2,170,170,840,https://www.hepsiburada.com/u-s-polo-assn-franco-erkek-siyah-sneaker-p-HBCV00002PFLFK
2026-09-14,HBCV0000882CQ4,Shemard,Shemard Tone Beyaz Cilt Bağcıklı Spor Ayakkabı,899,Decisivo Life,3,4.2,70,70,559.95,https://www.hepsiburada.com/shemard-tone-beyaz-cilt-bagcikli-spor-ayakkabi-p-HBCV0000882CQ4
2026-09-14,HBCV0000ILPJHA,Shemard,Shemard Tone Beyaz Cilt Bağcıklı Spor Ayakkabı,899,Decisivo Life,1,4.2,70,70,728.19,https://www.hepsiburada.com/shemard-tone-beyaz-cilt-bagcikli-spor-ayakkabi-p-HBCV0000ILPJHA
2026-09-14,HBCV0000ILPJHK,Shemard,Shemard Tone Beyaz Cilt Bağcıklı Spor Ayakkabı,899,Decisivo Life,1,4.2,70,70,728.19,https://www.hepsiburada.com/shemard-tone-beyaz-cilt-bagcikli-spor-ayakkabi-p-HBCV0000ILPJHK
2026-09-14,HBCV00005UQWMK,Marjin,Marjin Kadın Sneaker Bağcıklı Düz Taban Spor Ayakkabı Tiyone Beyaz,899,İRADE LUXURY,2,4.1,190,190,899,https://www.hepsiburada.com/marjin-kadin-sneaker-bagcikli-duz-taban-spor-ayakkabi-tiyone-beyaz-p-HBCV00005UQWMK
2026-09-14,HBCV0000CVUNP1,Marjin,Marjin Kadın Sneaker Bağcıklı Düz Taban Spor Ayakkabı Poliüretan Altın Termo Taban,1584,marjin,1,4.1,190,190,1359.99,https://www.hepsiburada.com/marjin-kadin-sneaker-bagcikli-duz-taban-spor-ayakkabi-poliuretan-altin-termo-taban-p-HBCV0000CVUNP1
2026-09-14,HBCV0000CY4SK7,Marjin,Marjin Kadın Sneaker Bağcıklı Spor Ayakkabı Tiyone Bej Süet Termo Taban Poliüretan Malzeme,1584,marjin,1,4.1,190,190,1359.99,https://www.hepsiburada.com/marjin-kadin-sneaker-bagcikli-spor-ayakkabi-tiyone-bej-suet-termo-taban-poliuretan-malzeme-p-HBCV0000CY4SK7
2026-09-14,HBCV0000HQNK93,Marjin,Marjin Kadın Sneaker Bağcıklı Düz Taban Spor Ayakkabı Tiyone Koyu Bej,1599.99,marjin,1,4.1,190,190,1359.99,https://www.hepsiburada.com/marjin-kadin-sneaker-bagcikli-duz-taban-spor-ayakkabi-tiyone-koyu-bej-p-HBCV0000HQNK93
2026-09-14,HBCV00005UQTIF,Marjin,Marjin Kadın Sneaker Bağcıklı Düz Taban Spor Ayakkabı Tiyone Siyah,1584,marjin,1,4.1,190,190,1359.99,https://www.hepsiburada.com/marjin-kadin-sneaker-bagcikli-duz-taban-spor-ayakkabi-tiyone-siyah-p-HBCV00005UQTIF
2026-09-14,HBCV00005UQVB9,Marjin,Marjin Kadın Sneaker Bağcıklı Düz Taban Spor Ayakkabı Tiyone Bej,899,İRADE LUXURY,2,4.1,190,190,899,https://www.hepsiburada.com/marjin-kadin-sneaker-bagcikli-duz-taban-spor-ayakkabi-tiyone-bej-p-HBCV00005UQVB9
2026-09-14,HBCV00009QXWZ6,Marjin,Marjin Kadın Sneaker Acı Kahve Bağcıklı Düz Taban Spor Ayakkabı Tiyone Kahve Süet,1584,marjin,1,4.1,190,190,1359.99,https://www.hepsiburada.com/marjin-kadin-sneaker-aci-kahve-bagcikli-duz-taban-spor-ayakkabi-tiyone-kahve-suet-p-HBCV00009QXWZ6
2026-09-14,HBCV0000CPOG2E,Marjin,Marjin Kadın Sneaker Bağcıklı Düz Taban Spor Ayakkabı Tiyone Vizon Süet Ekru,1584,marjin,1,4.1,190,190,1359.99,https://www.hepsiburada.com/marjin-kadin-sneaker-bagcikli-duz-taban-spor-ayakkabi-tiyone-vizon-suet-ekru-p-HBCV0000CPOG2E
2026-09-14,HBCV00007670IT,Marjin,Marjin Kadın Sneaker Bağcıklı Düz Taban Spor Ayakkabı Tiyone Bordo,1584,marjin,1,4.1,190,190,1359.99,https://www.hepsiburada.com/marjin-kadin-sneaker-bagcikli-duz-taban-spor-ayakkabi-tiyone-bordo-p-HBCV00007670IT
2026-09-14,HBCV00009Q1X30,Marjin,Marjin Kadın Sneaker Bağcıklı Düz Taban Spor Ayakkabı Tiyone Vizon Süet,1584,marjin,1,4.1,190,190,1359.99,https://www.hepsiburada.com/marjin-kadin-sneaker-bagcikli-duz-taban-spor-ayakkabi-tiyone-vizon-suet-p-HBCV00009Q1X30
2026-09-14,HBCV00009IQCK2,Free Marka,Günlük Erkek Beyaz Sneaker Bağcıklı Rahat Ortopedik Spor Ayakkabı,699,Görer ticaret,1,4.1,33,33,699,https://www.hepsiburada.com/gunluk-erkek-beyaz-sneaker-bagcikli-rahat-ortopedik-spor-ayakkabi-p-HBCV00009IQCK2
2026-09-14,HBCV00002UIKG5,Silver,Silver Spor Ayakkabı Temizleme Jeli Deri ve Sneaker Leke Çıkarıcı Yenileyici 50 ML,149.9,ayakkabimalzemecim,1,4.4,48,48,127.41,https://www.hepsiburada.com/silver-spor-ayakkabi-temizleme-jeli-50-ml-pm-HBC00002UIKG4
2026-09-14,HBCV00008QZ6OA,Lumberjack,Lumberjack MATERA 5FX SAKS Erkek Çocuk Spor Ayakkabı,2396.99,FLO,2,4.7,14,14,1438.19,https://www.hepsiburada.com/lumberjack-matera-5fx-saks-erkek-cocuk-spor-ayakkabi-p-HBCV00008QZ6OA
2026-09-14,HBCV00008QZ6DM,Lumberjack,Lumberjack MATERA 5FX Kırmızı Erkek Çocuk Spor Ayakkabı,2396.99,FLO,2,4.7,14,14,1438.19,https://www.hepsiburada.com/lumberjack-matera-5fx-kirmizi-erkek-cocuk-spor-ayakkabi-p-HBCV00008QZ6DM
2026-09-14,HBCV00008QZ5SH,Lumberjack,Lumberjack Matera 5fx Lacivert Erkek Çocuk Spor Ayakkabı,2396.99,FLO,2,4.7,14,14,1425.19,https://www.hepsiburada.com/lumberjack-matera-5fx-lacivert-erkek-cocuk-spor-ayakkabi-p-HBCV00008QZ5SH
2026-09-14,HBV00000WJRMX,U.S. Polo Assn.,U.S. Polo Assn. U.S Polo Assn. Tracky Beyaz Yeşil Kadın Yüksek Taban Spor Ayakkabı,1280,5n spor,9,4.2,194,194,1140,https://www.hepsiburada.com/u-s-polo-assn-u-s-polo-assn-tracky-beyaz-yesil-kadin-yuksek-taban-spor-ayakkabi-p-HBV00000WJRMX
2026-09-14,HBCV0000DMZCE3,Greyder,Greyder Erkek Gri Günlük Spor Ayakkabı 6Y1SA64770,2499.9,GREYDER,1,4.9,8,8,2499.9,https://www.hepsiburada.com/greyder-erkek-gri-gunluk-spor-ayakkabi-6y1sa64770-p-HBCV0000DMZCE3
2026-09-14,HBCV0000DMZE1H,Greyder,Greyder Erkek Lacivert Günlük Spor Ayakkabı 6Y1SA64770,2499.9,GREYDER,1,4.9,8,8,2499.9,https://www.hepsiburada.com/greyder-erkek-lacivert-gunluk-spor-ayakkabi-6y1sa64770-p-HBCV0000DMZE1H
2026-09-14,HBCV0000DMZF9M,Greyder,Greyder Erkek Siyah Günlük Spor Ayakkabı 6Y1SA64770,1799.9,GREYDER,1,4.9,8,8,1799.9,https://www.hepsiburada.com/greyder-erkek-siyah-gunluk-spor-ayakkabi-6y1sa64770-p-HBCV0000DMZF9M
2026-09-14,HBCV0000DMZCRJ,Greyder,Greyder Erkek Açık Mavi Günlük Spor Ayakkabı 6Y1SA64770,2499.9,GREYDER,1,4.9,8,8,2499.9,https://www.hepsiburada.com/greyder-erkek-acik-mavi-gunluk-spor-ayakkabi-6y1sa64770-p-HBCV0000DMZCRJ
2026-09-14,HBV00000SCY7P,Vicco,Vicco Oyo Okul Öncesi Sneaker Siyah Suni Deri Erkek Çocuk Ayakkabı Düz Tabanlı,1790,SS Mağazacılık,2,4.5,47,47,1521.5,https://www.hepsiburada.com/vicco-oyo-okul-oncesi-sneaker-siyah-suni-deri-erkek-cocuk-ayakkabi-duz-tabanli-p-HBV00000SCY7P
2026-09-14,HBV00000WU2LI,U.S. Polo Assn.,U.S. Polo Assn. Sneaker Kadın Ayakkabı Franco Dhm,880,5n spor,2,4.3,59,59,728,https://www.hepsiburada.com/u-s-polo-assn-sneaker-kadin-ayakkabi-franco-dhm-pm-HBC0000GFKKZS
2026-09-14,HBCV00004049VJ,Marjin,Marjin Kadın Sneaker Yüksek Taban Bağcıklı Bez Spor Ayakkabı Kotnel Siyah,1386,marjin,1,4.3,444,444,1189.99,https://www.hepsiburada.com/marjin-kadin-sneaker-yuksek-taban-bagcikli-bez-spor-ayakkabi-kotnel-siyah-p-HBCV00004049VJ
2026-09-14,HBCV0000D524UU,Marjin,Marjin Kadın Sneaker Yüksek Taban Bağcıklı Bez Spor Ayakkabı Kotnel Camel Süet,1428,marjin,1,4.3,444,444,1285.2,https://www.hepsiburada.com/marjin-kadin-sneaker-yuksek-taban-bagcikli-bez-spor-ayakkabi-kotnel-camel-suet-p-HBCV0000D524UU
2026-09-14,HBCV0000D525J2,Marjin,Marjin Kadın Sneaker Yüksek Taban Bağcıklı Bez Spor Ayakkabı Kotnel Bej Süet,1436,marjin,1,4.3,444,444,1292.4,https://www.hepsiburada.com/marjin-kadin-sneaker-yuksek-taban-bagcikli-bez-spor-ayakkabi-kotnel-bej-suet-p-HBCV0000D525J2
2026-09-14,HBCV0000D9HKJT,Marjin,Marjin Kadın Sneaker Yüksek Taban Bağcıklı Bez Spor Ayakkabı Kotnel Vizon Keten,1485,marjin,1,4.3,444,444,1274.99,https://www.hepsiburada.com/marjin-kadin-sneaker-yuksek-taban-bagcikli-bez-spor-ayakkabi-kotnel-vizon-keten-p-HBCV0000D9HKJT
2026-09-14,HBCV00004049JC,Marjin,Marjin Kadın Sneaker Yüksek Taban Bağcıklı Spor Ayakkabı Kotnel Bej,1399,marjin,1,4.3,444,444,1259.1,https://www.hepsiburada.com/marjin-kadin-sneaker-yuksek-taban-bagcikli-spor-ayakkabi-kotnel-bej-p-HBCV00004049JC
2026-09-14,HBCV0000A4NS6Z,Marjin,Marjin Kadın Sneaker Yüksek Taban Bağcıklı Bez Spor Ayakkabı Kotnel Kahve Süet,1419,marjin,1,4.3,444,444,1277.1,https://www.hepsiburada.com/marjin-kadin-sneaker-yuksek-taban-bagcikli-bez-spor-ayakkabi-kotnel-kahve-suet-p-HBCV0000A4NS6Z
2026-09-14,HBCV0000GPAB34,Marjin,Marjin Kadın Sneaker Yüksek Taban Bağcıklı Spor Ayakkabı Kotnel Tütün Kahve Süet,1584,marjin,1,4.3,444,444,1099,https://www.hepsiburada.com/marjin-kadin-sneaker-yuksek-taban-bagcikli-spor-ayakkabi-kotnel-tutun-kahve-suet-p-HBCV0000GPAB34
2026-09-14,HBCV0000GAAYBZ,Marjin,Marjin Kadın Sneaker Yüksek Taban Bağcıklı Spor Ayakkabı Kotnel Vizon,1499.99,marjin,1,4.3,444,444,1274.99,https://www.hepsiburada.com/marjin-kadin-sneaker-yuksek-taban-bagcikli-spor-ayakkabi-kotnel-vizon-p-HBCV0000GAAYBZ
2026-09-14,HBCV0000D84GR2,Marjin,Marjin Kadın Sneaker Yüksek Taban Bağcıklı Bez Spor Ayakkabı Kotnel Kahve Keten,1499.99,marjin,1,4.3,444,444,1274.99,https://www.hepsiburada.com/marjin-kadin-sneaker-yuksek-taban-bagcikli-bez-spor-ayakkabi-kotnel-kahve-keten-p-HBCV0000D84GR2
2026-09-14,HBCV0000D3EF1D,Marjin,Marjin Kadın Sneaker Yüksek Taban Bağcıklı Bez Spor Ayakkabı Kotnel Vizon Süet,1346,marjin,1,4.3,444,444,1211.4,https://www.hepsiburada.com/marjin-kadin-sneaker-yuksek-taban-bagcikli-bez-spor-ayakkabi-kotnel-vizon-suet-p-HBCV0000D3EF1D
2026-09-14,HBCV00006G8XX5,Marjin,Marjin Kadın Sneaker Yüksek Taban Bağcıklı Bez Spor Ayakkabı Kotnel Ekru,1499.99,marjin,1,4.3,444,444,1274.99,https://www.hepsiburada.com/marjin-kadin-sneaker-yuksek-taban-bagcikli-bez-spor-ayakkabi-kotnel-ekru-p-HBCV00006G8XX5
2026-09-14,HBCV00009HUJB0,Lufian,Lufian Edwın Erkek Deri Sneaker Ayakkabı Gri,1999.99,LUFIAN,3,4.5,25,25,1599.99,https://www.hepsiburada.com/lufian-edwin-erkek-deri-sneaker-ayakkabi-gri-p-HBCV00009HUJB0
2026-09-14,HBCV00005NVG2G,Lumberjack,Lumberjack Sword Kum Mor Renk Yazlık Kadın Spor Ayakkabı,1599,Sporline,2,4.8,14,14,1359.15,https://www.hepsiburada.com/lumberjack-sword-kum-mor-renk-yazlik-kadin-spor-ayakkabi-p-HBCV00005NVG2G
2026-09-14,HBCV00006EOLZR,Vicco,Vicco Birdy Hafif Kız Okul Öncesi Pudra Spor Ayakkabı,1647,Lodos Ayakkabı,9,4.6,19,19,1399.95,https://www.hepsiburada.com/vicco-birdy-hafif-kiz-okul-oncesi-pudra-spor-ayakkabi-p-HBCV00006EOLZR
2026-09-14,HBCV00002GBTI9,Kinetix,Kinetix Reeds Pu 2pr Siyah Erkek Sneaker Düz Taban İle Şık Ve Konforlu Ayakkabı,1499.99,DKSSTORE,1,4.4,12,12,892.49,https://www.hepsiburada.com/kinetix-reeds-pu-2pr-siyah-erkek-sneaker-duz-taban-ile-sik-ve-konforlu-ayakkabi-p-HBCV00002GBTI9
2026-09-14,HBCV000001D7K3,Tonny Black,Tonny Black Spor Ayakkabı Tbqnt Siyah Renk Yüksek Topuklu Stiletto Konforlu Kaymaz Taban,592.51,tonny_black,1,4.2,691,691,453.87,https://www.hepsiburada.com/tonny-black-spor-ayakkabi-tbqnt-siyah-renk-yuksek-topuklu-stiletto-konforlu-kaymaz-taban-p-HBCV000001D7K3
2026-09-14,HBCV000001D99I,Tonny Black,Tonny Black Unisex Gri Yeşil Rahat Kalıp Şeritli Bağcıklı Spor Ayakkabı,592.51,tonny_black,1,4.2,691,691,453.87,https://www.hepsiburada.com/tonny-black-unisex-gri-yesil-rahat-kalip-seritli-bagcikli-spor-ayakkabi-p-HBCV000001D99I
2026-09-14,HBCV00006BIMXE,Devida,Devida Kadın Beyaz Spor Ayakkabı Günlük Rahat Air Taban Sneaker N110,995,Devida,1,4.1,27,27,995,https://www.hepsiburada.com/devida-kadin-beyaz-spor-ayakkabi-gunluk-rahat-air-taban-sneaker-n110-p-HBCV00006BIMXE
2026-09-14,HBCV0000EYYP9M,Greyder,Greyder Kadın Siyah Hakiki Deri Sneaker Ayakkabı 6Y2FA59415,1999.9,GREYDER,1,5,2,2,1999.9,https://www.hepsiburada.com/greyder-kadin-siyah-hakiki-deri-sneaker-ayakkabi-6y2fa59415-p-HBCV0000EYYP9M
2026-09-14,HBCV0000EYYP9N,Greyder,Greyder Kadın Kirli Beyaz Hakiki Deri Sneaker Ayakkabı 6Y2FA59415,1999.9,GREYDER,1,5,2,2,1999.9,https://www.hepsiburada.com/greyder-kadin-kirli-beyaz-hakiki-deri-sneaker-ayakkabi-6y2fa59415-p-HBCV0000EYYP9N
2026-09-14,HBCV0000EYYLI6,Greyder,Greyder Kadın Vizon Hakiki Deri Nubuk Sneaker Ayakkabı 6Y2FA59415,1999.9,GREYDER,1,5,2,2,1999.9,https://www.hepsiburada.com/greyder-kadin-vizon-hakiki-deri-nubuk-sneaker-ayakkabi-6y2fa59415-p-HBCV0000EYYLI6
2026-09-14,HBCV0000ECFL7D,Tonny Black,Tonny Black Kadın Kahve Rahat Kalıp Kauçuk Taban Bağcıklı Sneaker,815.35,tonny_black,1,4.5,111,111,662.97,https://www.hepsiburada.com/tonny-black-kadin-kahve-rahat-kalip-kaucuk-taban-bagcikli-sneaker-p-HBCV0000ECFL7D
2026-09-14,HBCV0000ECFME8,Tonny Black,Tonny Black Kadın Bordo Bej Rahat Kalıp Kauçuk Taban Bağcıklı Sneaker,815.35,tonny_black,1,4.5,107,107,662.97,https://www.hepsiburada.com/tonny-black-kadin-bordo-bej-rahat-kalip-kaucuk-taban-bagcikli-sneaker-p-HBCV0000ECFME8
2026-09-14,HBCV0000ECFLIX,Tonny Black,Tonny Black Kadın Bej Bordo Kauçuk Taban Bağcıklı Sneaker Rahat Kalıp Modern Tasarım,815.35,tonny_black,1,4.5,111,111,662.97,https://www.hepsiburada.com/tonny-black-kadin-bej-bordo-kaucuk-taban-bagcikli-sneaker-rahat-kalip-modern-tasarim-p-HBCV0000ECFLIX
2026-09-14,HBCV0000ECFLUK,Tonny Black,Tonny Black Kadın Siyah Siyah Rahat Kalıp Kauçuk Taban Bağcıklı Sneaker,815.35,tonny_black,1,4.5,111,111,662.97,https://www.hepsiburada.com/tonny-black-kadin-siyah-siyah-rahat-kalip-kaucuk-taban-bagcikli-sneaker-p-HBCV0000ECFLUK
2026-09-14,HBCV0000ECFLNE,Tonny Black,Tonny Black Kadın Bej Kahve Kauçuk Taban Bağcıklı Sneaker Rahat Kalıp Modern Tasarım,815.35,tonny_black,1,4.5,111,111,662.97,https://www.hepsiburada.com/tonny-black-kadin-bej-kahve-kaucuk-taban-bagcikli-sneaker-rahat-kalip-modern-tasarim-p-HBCV0000ECFLNE
2026-09-14,HBCV0000ECFM65,Tonny Black,Tonny Black Kadın Beyaz Kauçuk Taban Bağcıklı Sneaker Modern Rahat Kalıp,815.35,tonny_black,1,4.5,111,111,662.97,https://www.hepsiburada.com/tonny-black-kadin-beyaz-kaucuk-taban-bagcikli-sneaker-modern-rahat-kalip-p-HBCV0000ECFM65
2026-09-14,HBCV0000ECFLIU,Tonny Black,Tonny Black Kadın Beyaz Lacivert Rahat Kalıp Kauçuk Taban Bağcıklı Sneaker,815.35,tonny_black,1,4.5,111,111,662.97,https://www.hepsiburada.com/tonny-black-kadin-beyaz-lacivert-rahat-kalip-kaucuk-taban-bagcikli-sneaker-p-HBCV0000ECFLIU
2026-09-14,HBCV0000ECFLUM,Tonny Black,Tonny Black Kadın Beyaz Füme Rahat Kalıp Kauçuk Taban Bağcıklı Sneaker,815.35,tonny_black,1,4.5,111,111,662.97,https://www.hepsiburada.com/tonny-black-kadin-beyaz-fume-rahat-kalip-kaucuk-taban-bagcikli-sneaker-p-HBCV0000ECFLUM
2026-09-14,HBCV00007T4DOI,Camper,"Camper Sneaker, 41, Antrasit",5999.4,Boyner,2,5,18,18,4799.5,https://www.hepsiburada.com/camper-sneaker-41-antrasit-p-HBCV00007T4DOI
2026-09-14,HBCV00009LQW97,Lufian,Lufian Tommy Erkek Deri Sneaker Ayakkabı Siyah,1599,TARTAR AYAKKABI,5,4.3,64,64,1359.15,https://www.hepsiburada.com/lufian-tommy-erkek-deri-sneaker-ayakkabi-siyah-p-HBCV00009LQW97
2026-09-14,HBCV00007HX6TJ,Lufian,Lufian Tommy Erkek Deri Sneaker Ayakkabı Lacivert,1599,TARTAR AYAKKABI,1,4.3,64,64,1359.15,https://www.hepsiburada.com/lufian-tommy-erkek-deri-sneaker-ayakkabi-lacivert-p-HBCV00007HX6TJ
2026-09-14,HBCV00009LQX5V,Lufian,Lufian Tommy Erkek Deri Sneaker Ayakkabı Siyah,1940,TARTAR AYAKKABI,7,4.3,64,64,1359.15,https://www.hepsiburada.com/lufian-tommy-erkek-deri-sneaker-ayakkabi-siyah-p-HBCV00009LQX5V
2026-09-14,HBV00001AZM6W,U.S. Polo Assn.,U.S. Polo Assn. Maybe Beyaz Kadın Sneaker Spor Ayakkabı,1983.15,Çukurova Spor,7,4.7,161,161,1989.5,https://www.hepsiburada.com/u-s-polo-assn-maybe-beyaz-kadin-sneaker-spor-ayakkabi-p-HBV00001AZM6W
2026-09-14,HBV00001AZLA4,U.S. Polo Assn.,U.S. Polo Assn. 1M Maybe Wmn Kadın Ayakkabı - 100605077,1980,AVORİOO,6,4.7,161,161,1980,https://www.hepsiburada.com/u-s-polo-assn-1m-maybe-wmn-kadin-ayakkabi-100605077-p-HBV00001AZLA4
2026-09-14,HBCV0000C7MCGN,U.S. Polo Assn.,U.s. Polo Assn. Lee 3fx Beyaz Erkek Sneaker,900,magazaserisonu,1,5,4,4,765,https://www.hepsiburada.com/u-s-polo-assn-lee-3fx-beyaz-erkek-sneaker-pm-HBC00003MOU5B
2026-09-14,HBCV000047HPPY,Lufian,Lufian Tommy Erkek Deri Sneaker Ayakkabı Lacivert,1499.99,Modacızade,5,4.3,565,565,1499.99,https://www.hepsiburada.com/lufian-tommy-erkek-deri-sneaker-ayakkabi-lacivert-p-HBCV000047HPPY
2026-09-14,HBCV00004BLECH,Lufian,Lufian Tommy Erkek Deri Sneaker Ayakkabı Taba,1948,BEYAZ SPOR,4,4.3,565,565,1699.15,https://www.hepsiburada.com/lufian-tommy-erkek-deri-sneaker-ayakkabi-taba-p-HBCV00004BLECH
2026-09-14,HBCV000047HOXD,Lufian,Lufian Tommy Lacivert Erkek Deri Sneaker Ayakkabı Düz Taban Bağcıklı Günlük Kullanım İçin,1948,BEYAZ SPOR,3,4.3,565,565,1699.15,https://www.hepsiburada.com/lufian-tommy-lacivert-erkek-deri-sneaker-ayakkabi-duz-taban-bagcikli-gunluk-kullanim-icin-p-HBCV000047HOXD
2026-09-14,HBCV00004BLEQ8,Lufian,Lufian Tommy Erkek Deri Sneaker Ayakkabı Beyaz,1599,TARTAR AYAKKABI,7,4.3,565,565,1359.15,https://www.hepsiburada.com/lufian-tommy-erkek-deri-sneaker-ayakkabi-beyaz-p-HBCV00004BLEQ8
2026-09-14,HBCV0000CVC7VE,Camper,Camper Drift Trail Erkek Siyah Sneaker K100928-021,7139.15,CAMPER TÜRKİYE,1,5,1,1,5461.45,https://www.hepsiburada.com/camper-drift-trail-erkek-siyah-sneaker-k100928-021-p-HBCV0000CVC7VE
2026-09-14,HBCV00006YN3WX,AVVA,AVVA Erkek Gri Nefes Alan Hafif Sneaker Ayakkabı A41Y8024,1414.99,AVVA,1,4.2,7,7,1414.79,https://www.hepsiburada.com/avva-erkek-gri-nefes-alan-hafif-sneaker-ayakkabi-a41y8024-p-HBCV00006YN3WX
2026-09-14,HBCV00006IF7S6,Muggo,Muggo Jabbar Unisex Ortopedik Günlük Garantili Bağcıklı Yürüyüş Koşu Sneaker Spor Ayakkabı,1388.61,MUGGO,1,3.7,341,341,459.37,https://www.hepsiburada.com/muggo-jabbar-unisex-ortopedik-gunluk-garantili-bagcikli-yuruyus-kosu-sneaker-spor-ayakkabi-p-HBCV00006IF7S6
2026-09-14,HBCV00007IIKVK,Muggo,Muggo Jabbar Unisex Ortopedik Günlük Garantili Bağcıklı Yürüyüş Koşu Sneaker Spor Ayakkabı,1388.61,MUGGO,1,3.7,341,341,459.37,https://www.hepsiburada.com/muggo-jabbar-unisex-ortopedik-gunluk-garantili-bagcikli-yuruyus-kosu-sneaker-spor-ayakkabi-p-HBCV00007IIKVK
2026-09-14,HBCV00007IIIIT,Muggo,Muggo Jabbar Unisex Ortopedik Günlük Garantili Bağcıklı Yürüyüş Koşu Sneaker Spor Ayakkabı,1388.61,MUGGO,1,3.7,341,341,459.37,https://www.hepsiburada.com/muggo-jabbar-unisex-ortopedik-gunluk-garantili-bagcikli-yuruyus-kosu-sneaker-spor-ayakkabi-p-HBCV00007IIIIT
2026-09-14,HBCV00006IF8CC,Muggo,Muggo Jabbar Unisex Ortopedik Günlük Garantili Bağcıklı Yürüyüş Koşu Sneaker Spor Ayakkabı,1388.61,MUGGO,1,3.7,341,341,459.37,https://www.hepsiburada.com/muggo-jabbar-unisex-ortopedik-gunluk-garantili-bagcikli-yuruyus-kosu-sneaker-spor-ayakkabi-p-HBCV00006IF8CC
2026-09-14,HBCV00006IF7P3,Muggo,Muggo Jabbar Unisex Ortopedik Günlük Garantili Bağcıklı Yürüyüş Koşu Sneaker Spor Ayakkabı,1388.61,MUGGO,1,3.7,341,341,459.37,https://www.hepsiburada.com/muggo-jabbar-unisex-ortopedik-gunluk-garantili-bagcikli-yuruyus-kosu-sneaker-spor-ayakkabi-p-HBCV00006IF7P3
2026-09-14,HBCV00005I2QI7,U.S. Polo Assn.,U.S. Polo Assn. Franco 3pr Anatomik Orijinal Ürün Rahat Unisex Sneaker Ayakkabı,738,5n spor,4,3.9,34,34,685,https://www.hepsiburada.com/u-s-polo-assn-franco-3pr-anatomik-orijinal-urun-rahat-unisex-sneaker-ayakkabi-p-HBCV00005I2QI7
2026-09-14,HBCV00005I2QHW,U.S. Polo Assn.,U.S. Polo Assn. Franco 3pr Anatomik Orijinal Ürün Rahat Unisex Sneaker Ayakkabı,830,5n spor,2,3.9,34,34,730,https://www.hepsiburada.com/u-s-polo-assn-franco-3pr-anatomik-orijinal-urun-rahat-unisex-sneaker-ayakkabi-p-HBCV00005I2QHW
2026-09-14,HBCV00005I2QI1,U.S. Polo Assn.,U.S. Polo Assn. Franco 3pr Anatomik Orijinal Ürün Rahat Unisex Sneaker Ayakkabı,767,5n spor,3,3.9,34,34,672,https://www.hepsiburada.com/u-s-polo-assn-franco-3pr-anatomik-orijinal-urun-rahat-unisex-sneaker-ayakkabi-p-HBCV00005I2QI1
2026-09-14,HBV000007ZTQB,Converse,Converse Chuck Taylor All Star Hi Unisex Siyah Sneaker.001,4999,Sporjinal,2,4.6,120,120,3284.34,https://www.hepsiburada.com/converse-chuck-taylor-all-star-hi-unisex-siyah-sneaker-001-p-HBV000007ZTQB
2026-09-14,HBCV0000GHHD4I,Converse,Converse Chuck Taylor All Star Erkek Günlük Ayakkabı,3999.99,SPX,1,4.6,120,120,3999.99,https://www.hepsiburada.com/converse-chuck-taylor-all-star-erkek-gunluk-ayakkabi-p-HBCV0000GHHD4I
2026-09-14,HBCV0000749MB3,Tergan,Tergan  Lacivert Hakiki Nubuk Deri Erkek Sneaker - E24I1AY56694-C39,1739.99,TERGAN,1,4.7,3,3,1739.99,https://www.hepsiburada.com/tergan-lacivert-hakiki-nubuk-deri-erkek-sneaker-e24i1ay56694-c39-p-HBCV0000749MB3
2026-09-14,HBCV00006L0ECX,Tergan,Tergan  Gri Hakiki Nubuk Deri Erkek Sneaker - E24I1AY56694-A40,1739.99,TERGAN,1,4.7,3,3,1739.99,https://www.hepsiburada.com/tergan-gri-hakiki-nubuk-deri-erkek-sneaker-e24i1ay56694-a40-p-HBCV00006L0ECX
2026-09-14,HBCV0000A7EOOM,Lumberjack,Pol 5fx Beyaz Erkek Sneaker-Beyaz,2499,GÜL.KUNDURA,1,5,2,2,2499,https://www.hepsiburada.com/pol-5fx-beyaz-erkek-sneaker-beyaz-p-HBCV0000A7EOOM
2026-09-14,HBCV0000A7EOQ6,Lumberjack,Lumberjack POL 5FX Beyaz Erkek Sneaker,1949,BEYHOME,5,5,2,2,1949,https://www.hepsiburada.com/lumberjack-pol-5fx-beyaz-erkek-sneaker-p-HBCV0000A7EOQ6
2026-09-14,HBCV00005TS06B,Letao,Letao Erkek Hafif Rahat Günlük Cırtlı Spor Yürüyüş Sneaker 1811,700,Letao,1,4.3,67,67,849.91,https://www.hepsiburada.com/letao-erkek-hafif-rahat-gunluk-cirtli-spor-yuruyus-sneaker-1811-p-HBCV00005TS06B
2026-09-14,HBCV00000D9IOX,U.S. Polo Assn.,U.S. Polo Assn. Kares Wt 1pr Siyah Erkek Sneaker Ayakkabı,975,5n spor,3,4.6,17,17,825,https://www.hepsiburada.com/u-s-polo-assn-kares-wt-1pr-siyah-erkek-sneaker-ayakkabi-p-HBCV00000D9IOX
2026-09-14,HBCV00000DPGKO,U.S. Polo Assn.,U.S. Polo Assn. Kares Wt 1pr Lacivert Erkek Sneaker Ayakkabı,2299.9,Uygun Dünya,1,4.6,17,17,1954.91,https://www.hepsiburada.com/u-s-polo-assn-kares-wt-1pr-lacivert-erkek-sneaker-ayakkabi-p-HBCV00000DPGKO
2026-09-14,HBCV0000EYYRAJ,Greyder,Greyder Erkek Siyah Günlük Spor Ayakkabı 6Y1SA18140L,5199.9,GREYDER,1,4.7,3,3,5199.9,https://www.hepsiburada.com/greyder-erkek-siyah-gunluk-spor-ayakkabi-6y1sa18140l-p-HBCV0000EYYRAJ
2026-09-14,HBCV0000EO7W0Y,Greyder,Greyder Erkek Vizon Günlük Spor Ayakkabı 6Y1SA18140L,5199.9,GREYDER,1,4.7,3,3,5199.9,https://www.hepsiburada.com/greyder-erkek-vizon-gunluk-spor-ayakkabi-6y1sa18140l-p-HBCV0000EO7W0Y
2026-09-14,HBCV00007DK7IZ,Vicco,Vicco 346.P23Y.168-02 Mask Hava Taban Siyah Çocuk Spor Ayakkabı V5,1898.95,Çukurova Spor,1,4.2,5,5,1898.95,https://www.hepsiburada.com/vicco-346-p23y-168-02-mask-hava-taban-siyah-cocuk-spor-ayakkabi-v5-p-HBCV00007DK7IZ
2026-09-14,HBCV0000DKF2HJ,Greyder,Greyder Kadın Beyaz Günlük Spor Ayakkabı 6Y2SA34400,1999.9,GREYDER,1,5,2,2,1999.9,https://www.hepsiburada.com/greyder-kadin-beyaz-gunluk-spor-ayakkabi-6y2sa34400-p-HBCV0000DKF2HJ
2026-09-14,HBCV0000DKFJYG,Greyder,Greyder Kadın Gümüş Günlük Spor Ayakkabı 6Y2SA34400,1999.9,GREYDER,1,5,2,2,1999.9,https://www.hepsiburada.com/greyder-kadin-gumus-gunluk-spor-ayakkabi-6y2sa34400-p-HBCV0000DKFJYG
2026-09-14,HBCV0000DKFRL1,Greyder,Greyder Kadın Siyah Günlük Spor Ayakkabı 6Y2SA34400,1999.9,GREYDER,1,5,2,2,1999.9,https://www.hepsiburada.com/greyder-kadin-siyah-gunluk-spor-ayakkabi-6y2sa34400-p-HBCV0000DKFRL1
2026-09-14,HBCV00007D9VJX,Dark Seer,Dark Seer Unisex Beyaz Mavi Sneaker Spor Ayakkabı 2026 - DS.MJ1838,999.9,Darkseer,1,3.9,16,16,849.91,https://www.hepsiburada.com/dark-seer-unisex-beyaz-mavi-sneaker-spor-ayakkabi-2026-ds-mj1838-p-HBCV00007D9VJX
2026-09-14,HBCV0000G6S2S0,Dark Seer,Dark Seer Beyaz Siyah Yeşil Unisex Sneaker,999.9,Darkseer,1,3.9,16,16,849.91,https://www.hepsiburada.com/dark-seer-beyaz-siyah-yesil-unisex-sneaker-p-HBCV0000G6S2S0
2026-09-14,HBCV00007D9VJY,Dark Seer,Dark Seer DS.MJ1838 Sneaker 2026 Unisex,999.9,Darkseer,1,3.9,16,16,849.91,https://www.hepsiburada.com/dark-seer-ds-mj1838-sneaker-2026-unisex-p-HBCV00007D9VJY
2026-09-14,HBCV00007D9VQ2,Dark Seer,Dark Seer DS.MJ1838 Sneaker 2026 Unisex,999.9,Darkseer,1,3.9,16,16,849.91,https://www.hepsiburada.com/dark-seer-ds-mj1838-sneaker-2026-unisex-p-HBCV00007D9VQ2
2026-09-14,HBCV0000D6X56L,Dockers by Gerli,Dockers By Gerli Betıs 6fx Siyah Erkek Sneaker,2996.99,FLO,3,5,5,5,1669.21,https://www.hepsiburada.com/dockers-by-gerli-betis-6fx-siyah-erkek-sneaker-p-HBCV0000D6X56L
2026-09-14,HBCV0000AI2OWF,U.S. Polo Assn.,U.S. Polo Assn. Kadın Lacivert Spor Ayakkabı 50313799-VR033,5999.95,U.S. Polo Assn.,1,4.7,55,55,2159.98,https://www.hepsiburada.com/u-s-polo-assn-kadin-lacivert-spor-ayakkabi-50313799-vr033-p-HBCV0000AI2OWF
2026-09-14,HBCV0000AI2MY4,U.S. Polo Assn.,U.S. Polo Assn. Kadın Beyaz Spor Ayakkabı 50313799-VR013,5999.95,U.S. Polo Assn.,1,4.7,55,55,2159.98,https://www.hepsiburada.com/u-s-polo-assn-kadin-beyaz-spor-ayakkabi-50313799-vr013-p-HBCV0000AI2MY4
2026-09-14,HBCV0000AI08HL,U.S. Polo Assn.,U.S. Polo Assn. Kadın Beyaz Spor Ayakkabı 50313799-VR034,5999.95,U.S. Polo Assn.,1,4.7,55,55,2159.98,https://www.hepsiburada.com/u-s-polo-assn-kadin-beyaz-spor-ayakkabi-50313799-vr034-p-HBCV0000AI08HL
2026-09-14,HBCV0000CDNCXW,Lumberjack,Lumberjack Calvert 6fx Siyah Erkek Sneaker,2196.99,FLO,2,5,6,6,1397.59,https://www.hepsiburada.com/lumberjack-calvert-6fx-siyah-erkek-sneaker-p-HBCV0000CDNCXW
2026-09-14,HBCV0000CYCMS9,Lumberjack,Lumberjack Calvert 6fx Beyaz Erkek Sneaker,2396.99,FLO,2,5,6,6,1677.89,https://www.hepsiburada.com/lumberjack-calvert-6fx-beyaz-erkek-sneaker-p-HBCV0000CYCMS9
2026-09-14,HBCV00007YZJXW,Ispartalılar,Ispartalılar 4310 Tam Ortopedik Taban Erkek Spor Ayakkabı Yazlık Hafif Eva Taban Günlük Erkek Spor Ayakkabı,1099,AYAKKABİBURADA,1,4.5,173,173,824.25,https://www.hepsiburada.com/ispartalilar-4310-tam-ortopedik-taban-erkek-spor-ayakkabi-yazlik-hafif-eva-taban-gunluk-erkek-spor-ayakkabi-p-HBCV00007YZJXW
2026-09-14,HBCV00007YZIMG,Ispartalılar,Ispartalılar 4310 Tam Ortopedik Taban Erkek Spor Ayakkabı Yazlık Hafif Eva Taban Günlük Erkek Spor Ayakkabı,1099,AYAKKABİBURADA,1,4.5,173,173,824.25,https://www.hepsiburada.com/ispartalilar-4310-tam-ortopedik-taban-erkek-spor-ayakkabi-yazlik-hafif-eva-taban-gunluk-erkek-spor-ayakkabi-p-HBCV00007YZIMG
2026-09-14,HBCV00007YZNFO,Ispartalılar,Ispartalılar 4310 Tam Ortopedik Taban Erkek Spor Ayakkabı Yazlık Hafif Eva Taban Günlük Erkek Spor Ayakkabı,1099,AYAKKABİBURADA,1,4.5,173,173,824.25,https://www.hepsiburada.com/ispartalilar-4310-tam-ortopedik-taban-erkek-spor-ayakkabi-yazlik-hafif-eva-taban-gunluk-erkek-spor-ayakkabi-p-HBCV00007YZNFO
2026-09-14,HBCV00008F0H5S,Reebok,Reebok Lumberjack Sword Sıyah Erkek Spor Ayakkabı,1999.99,DKSSTORE,1,5,3,3,1399.99,https://www.hepsiburada.com/reebok-lumberjack-sword-siyah-erkek-spor-ayakkabi-pm-HBC00008F0H5R
2026-09-14,HBCV0000DUHYTD,Dockers by Gerli,Dockers By Gerli Harrıson Lacivert Erkek Spor Ayakkabı,2896.99,FLO,2,4.2,13,13,1723.71,https://www.hepsiburada.com/dockers-by-gerli-harrison-lacivert-erkek-spor-ayakkabi-p-HBCV0000DUHYTD
2026-09-14,HBCV0000DUHZ3Y,Dockers by Gerli,Dockers By Gerli Harrıson Haki Erkek Spor Ayakkabı,2896.99,FLO,3,4.2,13,13,2027.89,https://www.hepsiburada.com/dockers-by-gerli-harrison-haki-erkek-spor-ayakkabi-p-HBCV0000DUHZ3Y
2026-09-14,HBCV00004O8DCI,Lumberjack,Lumberjack Pol Pu Kadın Beyaz Sneaker,2199,Solerind&Store,7,4.5,81,81,1869.15,https://www.hepsiburada.com/lumberjack-pol-pu-kadin-beyaz-sneaker-p-HBCV00004O8DCI
2026-09-14,HBCV0000C8A2HH,Nautica,Nautica Erkek Beyaz Sneaker.1bw,2699.4,Occasion,1,5,9,9,1889.58,https://www.hepsiburada.com/nautica-erkek-beyaz-sneaker-1bw-p-HBCV0000C8A2HH
2026-09-14,HBCV0000C8GPDK,Nautica,Nautica Erkek Lacivert Sneaker.4nv,2699.4,Occasion,1,5,9,9,1889.58,https://www.hepsiburada.com/nautica-erkek-lacivert-sneaker-4nv-p-HBCV0000C8GPDK
2026-09-14,HBCV0000C8GNVZ,Nautica,Nautica Erkek Gri Sneaker.0gv,2699.4,Occasion,1,5,9,9,2699.4,https://www.hepsiburada.com/nautica-erkek-gri-sneaker-0gv-p-HBCV0000C8GNVZ
2026-09-14,HBCV0000CVCH3M,Nautica,Nautica Erkek Siyah Sneaker.0tb,2249.5,Occasion,1,3.9,10,10,1799.6,https://www.hepsiburada.com/nautica-erkek-siyah-sneaker-0tb-p-HBCV0000CVCH3M
2026-09-14,HBCV0000CVCIAI,Nautica,Nautica Erkek Mavi Sneaker.4tm,2699.4,Occasion,1,3.9,10,10,1754.61,https://www.hepsiburada.com/nautica-erkek-mavi-sneaker-4tm-p-HBCV0000CVCIAI
2026-09-14,HBCV0000CVCLBD,Nautica,Nautica Erkek Gri Sneaker.0gv,2699.4,Occasion,1,3.9,10,10,1754.61,https://www.hepsiburada.com/nautica-erkek-gri-sneaker-0gv-p-HBCV0000CVCLBD
2026-09-14,HBCV0000DFS1Z2,Greyder,Greyder Erkek Mavi Günlük Spor Ayakkabı 6Y1SA18140,5199.9,GREYDER,1,5,4,4,5199.9,https://www.hepsiburada.com/greyder-erkek-mavi-gunluk-spor-ayakkabi-6y1sa18140-p-HBCV0000DFS1Z2
2026-09-14,HBCV0000DMZDO6,Greyder,Greyder Erkek Siyah Günlük Spor Ayakkabı 6Y1SA18140,5199.9,GREYDER,1,5,4,4,5199.9,https://www.hepsiburada.com/greyder-erkek-siyah-gunluk-spor-ayakkabi-6y1sa18140-p-HBCV0000DMZDO6
2026-09-14,HBCV0000DFS2CA,Greyder,Greyder Erkek Yeşil Günlük Spor Ayakkabı 6Y1SA18140,5199.9,GREYDER,1,5,4,4,5199.9,https://www.hepsiburada.com/greyder-erkek-yesil-gunluk-spor-ayakkabi-6y1sa18140-p-HBCV0000DFS2CA
2026-09-14,HBCV0000DFS1XS,Greyder,Greyder Erkek Vizon Günlük Spor Ayakkabı 6Y1SA18140,5199.9,GREYDER,1,5,4,4,5199.9,https://www.hepsiburada.com/greyder-erkek-vizon-gunluk-spor-ayakkabi-6y1sa18140-p-HBCV0000DFS1XS
2026-09-14,HBCV000069I0BN,Lacoste,Lacoste Sport Elite Active Erkek Siyah Sneaker 746SMA0123 075,6367,Lacoste,1,4.3,45,45,6367,https://www.hepsiburada.com/lacoste-sport-elite-active-erkek-siyah-sneaker-746sma0123-075-pm-HBC000069I0BM
2026-09-14,HBCV00000DTJD5,DeFacto,DeFacto Kadın Pamuklu 3'lü Sneaker Çorap K5974AZNS,149.99,DeFacto,3,4.5,911,911,89.99,https://www.hepsiburada.com/defacto-kadin-pamuklu-3-lu-sneaker-corap-k5974azns-p-HBCV00000DTJD5
2026-09-14,HBCV00000EK59C,DeFacto,DeFacto Kadın Pamuklu 3'lü Sneaker Çorap K5974AZNS,309.99,Gelecek Market,1,4.5,911,911,299.99,https://www.hepsiburada.com/defacto-kadin-pamuklu-3-lu-sneaker-corap-k5974azns-p-HBCV00000EK59C
2026-09-14,HBV00001AP918,U.S. Polo Assn.,U.S. Polo Assn. U.S Polo Assn. Exxy Beyaz Kadın Günlük Spor Ayakkabı,890,magazaserisonu,11,4.8,47,47,756.5,https://www.hepsiburada.com/u-s-polo-assn-u-s-polo-assn-exxy-beyaz-kadin-gunluk-spor-ayakkabi-p-HBV00001AP918
2026-09-14,HBCV0000GASHY7,Derimod,Derimod Kadın Bej Bağcıklı Kalın Tabanlı Süet Deri Sneaker 26SFD371810,1999.99,Derimod,1,5,1,1,1999.99,https://www.hepsiburada.com/derimod-kadin-bej-bagcikli-kalin-tabanli-suet-deri-sneaker-26sfd371810-p-HBCV0000GASHY7
2026-09-14,HBCV0000DYMODG,Greyder,Greyder Erkek Siyah Hakiki Deri Sneaker Ayakkabı 6Y1UA19221,2699.9,GREYDER,1,5,1,1,2699.9,https://www.hepsiburada.com/greyder-erkek-siyah-hakiki-deri-sneaker-ayakkabi-6y1ua19221-p-HBCV0000DYMODG
2026-09-14,HBCV0000DOFY5N,Greyder,Greyder Erkek Beyaz Hakiki Deri Sneaker Ayakkabı 6Y1UA19221,2699.9,GREYDER,1,5,1,1,2699.9,https://www.hepsiburada.com/greyder-erkek-beyaz-hakiki-deri-sneaker-ayakkabi-6y1ua19221-p-HBCV0000DOFY5N
2026-09-14,HBCV0000856HIY,Tonny Black,Tonny Black Unisex Lacivert Poli Taban Yüksek Taban Bağcıklı Spor Ayakkabı Modern Tasarım,1380.78,tonny_black,1,4.2,440,440,1019.97,https://www.hepsiburada.com/tonny-black-unisex-lacivert-poli-taban-yuksek-taban-bagcikli-spor-ayakkabi-modern-tasarim-p-HBCV0000856HIY
2026-09-14,HBCV0000D5XRBV,Lumberjack,Lumberjack Opıya 6fx Siyah Erkek Sneaker,2499.99,etichet,5,4.9,12,12,2124.99,https://www.hepsiburada.com/lumberjack-opiya-6fx-siyah-erkek-sneaker-p-HBCV0000D5XRBV
2026-09-14,HBCV00008YV9UD,Lufian,Lufian Nelson Erkek Sneaker Ayakkabı Yeşil,1299.99,SOLMAZONLİNE,1,4.8,34,34,2443.75,https://www.hepsiburada.com/lufian-nelson-erkek-sneaker-ayakkabi-yesil-p-HBCV00008YV9UD
2026-09-14,HBCV0000936HU0,Lufian,Lufian Nelson Erkek Sneaker Ayakkabı Kırmızı,1299.99,,0,4.8,448,,,https://www.hepsiburada.com/lufian-nelson-erkek-sneaker-ayakkabi-kirmizi-p-HBCV0000936HU0
2026-09-14,HBCV00008YVAFS,Lufian,Lufian Nelson Erkek Sneaker Ayakkabı Saks,1299.99,,0,4.8,448,,,https://www.hepsiburada.com/lufian-nelson-erkek-sneaker-ayakkabi-saks-p-HBCV00008YVAFS
2026-09-14,HBCV00005P8FDS,Marjin,Marjin Kadın Sneaker Kalın Taban Spor Ayakkabı Domen Beyaz,1499.99,marjin,1,4.5,41,41,1274.99,https://www.hepsiburada.com/marjin-kadin-sneaker-kalin-taban-spor-ayakkabi-domen-beyaz-p-HBCV00005P8FDS
2026-09-14,HBCV0000C01VML,Marjin,Marjin Kadın Sneaker Bağcıklı Kalın Taban Spor Ayakkabı Domen Bej Süet,1485,marjin,1,4.5,41,41,1274.99,https://www.hepsiburada.com/marjin-kadin-sneaker-bagcikli-kalin-taban-spor-ayakkabi-domen-bej-suet-p-HBCV0000C01VML
2026-09-14,HBCV0000DF9XZI,Lacoste,Lacoste Elite Active Erkek Beyaz Sneaker 751SMA0028T 21G,6743,Lacoste,1,5,1,1,6743,https://www.hepsiburada.com/lacoste-elite-active-erkek-beyaz-sneaker-751sma0028t-21g-p-HBCV0000DF9XZI
2026-09-14,HBCV0000DF9OXZ,Lacoste,Lacoste Elite Active Erkek Siyah Sneaker 751SMA0028T 312,6743,Lacoste,1,5,1,1,6743,https://www.hepsiburada.com/lacoste-elite-active-erkek-siyah-sneaker-751sma0028t-312-p-HBCV0000DF9OXZ
2026-09-14,HBCV0000E7244Z,WinWith,"10'lu Pamuklu Dikişsiz Düz Gündelik Klasik Erkek Kadın Sneaker Çorap, Bilek Boy Kısa Spor Koşu Yürüyüş Çorabı 3007",349.9,GoWith,1,4.2,15,15,314.91,https://www.hepsiburada.com/10-lu-pamuklu-dikissiz-duz-gundelik-klasik-erkek-kadin-sneaker-corap-bilek-boy-kisa-spor-kosu-yuruyus-corabi-3007-p-HBCV0000E7244Z
2026-09-14,HBCV0000E7285F,WinWith,"10'lu Pamuklu Dikişsiz Düz Gündelik Klasik Erkek Kadın Sneaker Çorap, Bilek Boy Kısa Spor Koşu Yürüyüş Çorabı 3007",349.9,GoWith,1,4.2,15,15,314.91,https://www.hepsiburada.com/10-lu-pamuklu-dikissiz-duz-gundelik-klasik-erkek-kadin-sneaker-corap-bilek-boy-kisa-spor-kosu-yuruyus-corabi-3007-p-HBCV0000E7285F
2026-09-14,HBCV0000E7264G,WinWith,"10'lu Pamuklu Dikişsiz Düz Gündelik Klasik Erkek Kadın Sneaker Çorap, Bilek Boy Kısa Spor Koşu Yürüyüş Çorabı 3007",349.9,GoWith,1,4.2,15,15,314.91,https://www.hepsiburada.com/10-lu-pamuklu-dikissiz-duz-gundelik-klasik-erkek-kadin-sneaker-corap-bilek-boy-kisa-spor-kosu-yuruyus-corabi-3007-p-HBCV0000E7264G
2026-09-14,HBCV00008P92A1,Tonny Black,Tonny Black Unisex Tommy Black Beyaz Gri Kalın Termo Taban Spor Ayakkabı Düz Tabanlı Bağcıklı Tasarım,569.77,tonny_black,1,4.3,38,38,495.45,https://www.hepsiburada.com/tonny-black-unisex-tommy-black-beyaz-gri-kalin-termo-taban-spor-ayakkabi-duz-tabanli-bagcikli-tasarim-p-HBCV00008P92A1
2026-09-14,HBCV0000BVLIDE,Tonny Black,Tonny Black Unisex Beyaz Lacivert Kalın Termo Taban Yanı Şeritli Bağcıklı Spor Ayakkabı,569.77,tonny_black,1,4.3,38,38,495.45,https://www.hepsiburada.com/tonny-black-unisex-beyaz-lacivert-kalin-termo-taban-yani-seritli-bagcikli-spor-ayakkabi-p-HBCV0000BVLIDE
2026-09-14,HBCV0000DGUC7T,Lufian,Lufian Rex Erkek Günlük Sneaker Ayakkabı 26Y 111230305,2499.99,LUFIAN,3,5,7,7,1999.99,https://www.hepsiburada.com/lufian-rex-erkek-gunluk-sneaker-ayakkabi-26y-111230305-p-HBCV0000DGUC7T
2026-09-14,HBCV0000DGUD55,Lufian,Lufian Rex Erkek Sneaker Ayakkabı Lacivert,6249.9,UNUVAR SPOR,1,5,7,7,6249.9,https://www.hepsiburada.com/lufian-rex-erkek-sneaker-ayakkabi-lacivert-p-HBCV0000DGUD55
2026-09-14,HBCV0000DGUBWS,Lufian,Lufian Rex Erkek Sneaker Ayakkabı Beyaz,2499.99,Kocamanlar ayakkabı,1,5,7,7,2124.99,https://www.hepsiburada.com/lufian-rex-erkek-sneaker-ayakkabi-beyaz-p-HBCV0000DGUBWS
2026-09-14,HBCV0000856HU2,Tonny Black,Tonny Black Unisex Gri Poli Taban Anorak Desenli Yüksek Taban Bağcıklı Spor Ayakkabı,1380.78,tonny_black,1,4.2,440,440,1019.97,https://www.hepsiburada.com/tonny-black-unisex-gri-poli-taban-anorak-desenli-yuksek-taban-bagcikli-spor-ayakkabi-p-HBCV0000856HU2
2026-09-14,HBV00000Y2ZIS,Lufian,Lufian Tommy Erkek Sneaker Ayakkabı Beyaz,1985,BEYAZ SPOR,11,4.3,123,123,1602.25,https://www.hepsiburada.com/lufian-tommy-erkek-sneaker-ayakkabi-beyaz-p-HBV00000Y2ZIS
2026-09-14,HBCV000001ZKL5,Lufian,Lufian Tommy Erkek Sneaker Ayakkabı Taba,1985,BEYAZ SPOR,2,4.3,123,123,1602.25,https://www.hepsiburada.com/lufian-tommy-erkek-sneaker-ayakkabi-taba-p-HBCV000001ZKL5
2026-09-14,HBV00000Y2ZII,Lufian,Lufian Tommy Erkek Sneaker Ayakkabı Lacivert,1985,BEYAZ SPOR,1,4.3,123,123,1602.25,https://www.hepsiburada.com/lufian-tommy-erkek-sneaker-ayakkabi-lacivert-p-HBV00000Y2ZII
2026-09-14,HBV00000Y2ZIL,Lufian,Lufian Tommy Erkek Sneaker Ayakkabı Siyah,1985,BEYAZ SPOR,2,4.3,123,123,1602.25,https://www.hepsiburada.com/lufian-tommy-erkek-sneaker-ayakkabi-siyah-p-HBV00000Y2ZIL
2026-09-14,HBCV00007WKQQK,U.S. Polo Assn.,U.S. Polo Assn. ANDREI 5FX Beyaz Erkek Sneaker,1799.81,Çukurova Spor,3,4.7,17,17,1799.81,https://www.hepsiburada.com/u-s-polo-assn-andrei-5fx-beyaz-erkek-sneaker-p-HBCV00007WKQQK
2026-09-14,HBCV00005VULVD,U.S. Polo Assn.,U.S. Polo Assn. Penelope Hıgh 4fx Beyaz Kadın Sneaker,750,A Ticaret,1,4.4,8,8,999,https://www.hepsiburada.com/u-s-polo-assn-penelope-high-4fx-beyaz-kadin-sneaker-p-HBCV00005VULVD
2026-09-14,HBCV0000767MN5,U.S. Polo Assn.,U.S. Polo Assn. Erkek Siyah Spor Ayakkabı 50293757-VR046,3999.95,U.S. Polo Assn.,1,3.8,8,8,1439.98,https://www.hepsiburada.com/u-s-polo-assn-erkek-siyah-spor-ayakkabi-50293757-vr046-p-HBCV0000767MN5
2026-09-14,HBCV0000767MUB,U.S. Polo Assn.,U.S. Polo Assn. Erkek Lacivert Spor Ayakkabı 50293757-VR033,3999.95,U.S. Polo Assn.,1,3.8,8,8,1439.98,https://www.hepsiburada.com/u-s-polo-assn-erkek-lacivert-spor-ayakkabi-50293757-vr033-p-HBCV0000767MUB
2026-09-14,HBCV0000CG4WJ2,Lumberjack,Lumberjack Dove 5fx Pudra Kız Çocuk Spor Ayakkabı,1996.99,FLO,3,5,4,4,1198.19,https://www.hepsiburada.com/lumberjack-dove-5fx-pudra-kiz-cocuk-spor-ayakkabi-p-HBCV0000CG4WJ2
2026-09-14,HBCV0000CG4ZIG,Lumberjack,Lumberjack Dove 5fx Siyah Kız Çocuk Spor Ayakkabı,1599.99,Ayakkabı Dünyası,3,5,4,4,1599.99,https://www.hepsiburada.com/lumberjack-dove-5fx-siyah-kiz-cocuk-spor-ayakkabi-p-HBCV0000CG4ZIG
2026-09-14,HBCV00000W93E7,U.S. Polo Assn.,U.S. Polo Assn. Kadın Spor Ayakkabı Beyaz Mikrofiber Tabanlı Düz Topuklu Yürüyüş İçin,889,5n spor,2,4.3,8,8,889,https://www.hepsiburada.com/u-s-polo-assn-kadin-spor-ayakkabi-beyaz-mikrofiber-tabanli-duz-topuklu-yuruyus-icin-p-HBCV00000W93E7
2026-09-14,HBCV000072IUYJ,Tergan,Tergan  Taba Hakiki Nubuk Deri Erkek Sneaker - E24I1AY56806-G99,1289.99,TERGAN,1,5,2,2,1289.99,https://www.hepsiburada.com/tergan-taba-hakiki-nubuk-deri-erkek-sneaker-e24i1ay56806-g99-p-HBCV000072IUYJ
2026-09-14,HBCV000072IV71,Tergan,Tergan  Lacivert Hakiki Nubuk Deri Erkek Sneaker - E24I1AY56806-C39,1289.99,TERGAN,1,5,2,2,1289.99,https://www.hepsiburada.com/tergan-lacivert-hakiki-nubuk-deri-erkek-sneaker-e24i1ay56806-c39-p-HBCV000072IV71
2026-09-14,HBCV00005X5IJ7,Lumberjack,Lumberjack POL 4FX Beyaz Erkek Sneaker,2699.99,ceylan kundura,1,4.4,41,41,2065.49,https://www.hepsiburada.com/lumberjack-pol-4fx-beyaz-erkek-sneaker-p-HBCV00005X5IJ7
2026-09-14,HBCV00005X5I5K,Lumberjack,Lumberjack 4M Pol 4Fx Erkek Beyaz Sneaker 101498011,2499,msamarketing,3,4.4,41,41,2499,https://www.hepsiburada.com/lumberjack-4m-pol-4fx-erkek-beyaz-sneaker-101498011-p-HBCV00005X5I5K
2026-09-14,HBV000014D9I9,U.S. Polo Assn.,U.S. Polo Assn. U.S Polo Assn. Penelope 1FX Kadın Beyaz Bez Spor Ayakkabı,949,A Ticaret,3,4.3,147,147,806.65,https://www.hepsiburada.com/u-s-polo-assn-u-s-polo-assn-penelope-1fx-kadin-beyaz-bez-spor-ayakkabi-p-HBV000014D9I9
2026-09-14,HBV000014D9IA,U.S. Polo Assn.,U.S. Polo Assn. U.S Polo Assn. Penelope 1FX Kadın Beyaz Bez Spor Ayakkabı,949,A Ticaret,3,4.3,147,147,806.65,https://www.hepsiburada.com/u-s-polo-assn-u-s-polo-assn-penelope-1fx-kadin-beyaz-bez-spor-ayakkabi-p-HBV000014D9IA
2026-09-14,HBCV00000P8ODZ,Lufian,Lufian Tommy Erkek Deri Sneaker Ayakkabı Siyah,1525,NEW STORY,9,4.3,231,231,1525,https://www.hepsiburada.com/lufian-tommy-erkek-deri-sneaker-ayakkabi-siyah-p-HBCV00000P8ODZ
2026-09-14,HBV00000S3F60,Vicco,Vicco Oyo Bebe  Sneaker Siyah Suni Deri Kauçuk Tabanlı Spor Ayakkabı,1899.9,Vicco,2,4.6,31,31,999,https://www.hepsiburada.com/vicco-oyo-bebe-sneaker-siyah-suni-deri-kaucuk-tabanli-spor-ayakkabi-p-HBV00000S3F60
2026-09-14,HBCV0000D3EEB5,Greyder,Greyder Erkek Siyah Hakiki Deri Sneaker Ayakkabı 6Y1SA13292,3499.9,,0,4.5,448,,,https://www.hepsiburada.com/greyder-erkek-siyah-hakiki-deri-sneaker-ayakkabi-6y1sa13292-p-HBCV0000D3EEB5
2026-09-14,HBCV0000DFS1MR,Greyder,Greyder Erkek Haki Hakiki Deri Sneaker Ayakkabı 6Y1SA13292,3499.9,GREYDER,1,4.5,4,4,3499.9,https://www.hepsiburada.com/greyder-erkek-haki-hakiki-deri-sneaker-ayakkabi-6y1sa13292-p-HBCV0000DFS1MR
2026-09-14,HBCV0000DFQQIA,Greyder,Greyder Erkek Vizon Hakiki Deri Sneaker Ayakkabı 6Y1SA13292,3499.9,GREYDER,1,4.5,4,4,3499.9,https://www.hepsiburada.com/greyder-erkek-vizon-hakiki-deri-sneaker-ayakkabi-6y1sa13292-p-HBCV0000DFQQIA
2026-09-14,HBCV0000DFS39A,Greyder,Greyder Erkek Beyaz Hakiki Deri Sneaker Ayakkabı 6Y1SA13292,3499.9,GREYDER,1,4.5,4,4,3499.9,https://www.hepsiburada.com/greyder-erkek-beyaz-hakiki-deri-sneaker-ayakkabi-6y1sa13292-p-HBCV0000DFS39A
2026-09-14,HBCV00007B8FYE,Muggo,Muggo Gordon Unisex Ortopedik Günlük Garantili Bağcıklı Yürüyüş Koşu Sneaker Spor Ayakkabı,2221.94,MUGGO,1,4,114,114,707.47,https://www.hepsiburada.com/muggo-gordon-unisex-ortopedik-gunluk-garantili-bagcikli-yuruyus-kosu-sneaker-spor-ayakkabi-p-HBCV00007B8FYE
2026-09-14,HBCV00007B8FJ2,Muggo,Muggo Gordon Unisex Ortopedik Günlük Garantili Bağcıklı Yürüyüş Koşu Sneaker Spor Ayakkabı,2221.94,MUGGO,1,4,114,114,399.9,https://www.hepsiburada.com/muggo-gordon-unisex-ortopedik-gunluk-garantili-bagcikli-yuruyus-kosu-sneaker-spor-ayakkabi-p-HBCV00007B8FJ2
2026-09-14,HBCV0000E3YSK9,Muggo,Muggo Gordon Unisex Ortopedik Günlük Garantili Bağcıklı Yürüyüş Koşu Sneaker Spor Ayakkabı,2221.94,MUGGO,1,4,114,114,707.47,https://www.hepsiburada.com/muggo-gordon-unisex-ortopedik-gunluk-garantili-bagcikli-yuruyus-kosu-sneaker-spor-ayakkabi-p-HBCV0000E3YSK9
2026-09-14,HBCV00007IAFWN,Muggo,Muggo Gordon Unisex Ortopedik Günlük Garantili Bağcıklı Yürüyüş Koşu Sneaker Spor Ayakkabı,2221.94,MUGGO,1,4,114,114,707.47,https://www.hepsiburada.com/muggo-gordon-unisex-ortopedik-gunluk-garantili-bagcikli-yuruyus-kosu-sneaker-spor-ayakkabi-p-HBCV00007IAFWN
